timestamp,energy_kwh,temperature_c,occupancy,equipment_load_kw
2026-07-01 00:00:00,17.36,21.8,2.0,16.32
2026-07-01 01:00:00,18.51,20.6,1.0,17.4
2026-07-01 02:00:00,16.97,19.4,1.0,15.96
2026-07-01 03:00:00,18.45,17.9,2.0,17.34
2026-07-01 04:00:00,16.09,19.2,2.0,15.12
2026-07-01 05:00:00,17.89,22.0,0.0,16.82
2026-07-01 06:00:00,17.88,20.9,0.0,16.8
2026-07-01 07:00:00,104.59,22.6,161.6,98.31
2026-07-01 08:00:00,96.09,24.3,147.8,90.32
2026-07-01 09:00:00,112.94,26.2,155.0,106.16
2026-07-01 10:00:00,124.29,28.5,146.1,116.84
2026-07-01 11:00:00,137.35,31.7,163.4,129.11
2026-07-01 12:00:00,120.78,32.0,147.9,113.53
2026-07-01 13:00:00,153.77,33.0,151.2,144.55
2026-07-01 14:00:00,155.42,32.7,147.1,146.09
2026-07-01 15:00:00,164.85,33.8,161.2,154.96
2026-07-01 16:00:00,159.08,33.7,153.5,149.53
2026-07-01 17:00:00,136.22,31.7,162.7,128.04
2026-07-01 18:00:00,121.9,31.2,163.3,114.58
2026-07-01 19:00:00,17.8,30.5,1.0,16.73
2026-07-01 20:00:00,18.3,28.9,3.0,17.2
2026-07-01 21:00:00,17.44,26.3,0.0,16.39
2026-07-01 22:00:00,17.2,24.7,3.0,16.17
2026-07-01 23:00:00,16.98,23.9,1.0,15.96
2026-07-02 00:00:00,17.0,23.2,5.0,15.98
2026-07-02 01:00:00,18.47,22.7,3.0,17.36
2026-07-02 02:00:00,16.04,21.7,2.0,15.07
2026-07-02 03:00:00,17.85,20.1,1.0,16.77
2026-07-02 04:00:00,17.33,22.2,2.0,16.29
2026-07-02 05:00:00,17.43,22.7,2.0,16.38
2026-07-02 06:00:00,16.51,23.1,0.0,15.52
2026-07-02 07:00:00,109.77,25.2,159.2,103.18
2026-07-02 08:00:00,102.68,27.0,141.8,96.52
2026-07-02 09:00:00,126.91,29.3,147.3,119.29
2026-07-02 10:00:00,124.47,29.9,151.8,117.01
2026-07-02 11:00:00,136.73,32.5,157.3,128.53
2026-07-02 12:00:00,127.44,33.3,142.7,119.8
2026-07-02 13:00:00,156.33,33.8,142.5,146.95
2026-07-02 14:00:00,170.19,35.7,135.6,159.98
2026-07-02 15:00:00,166.79,35.2,139.7,156.78
2026-07-02 16:00:00,166.44,34.7,143.6,156.45
2026-07-02 17:00:00,142.59,33.8,143.3,134.04
2026-07-02 18:00:00,127.0,34.1,133.3,119.38
2026-07-02 19:00:00,17.8,32.5,3.0,16.73
2026-07-02 20:00:00,16.79,30.6,0.0,15.78
2026-07-02 21:00:00,16.28,28.8,2.0,15.31
2026-07-02 22:00:00,18.29,26.3,3.0,17.19
2026-07-02 23:00:00,19.4,25.6,0.0,18.23
2026-07-03 00:00:00,16.73,23.9,2.0,15.72
2026-07-03 01:00:00,18.33,23.8,3.0,17.23
2026-07-03 02:00:00,16.64,23.3,1.0,15.64
2026-07-03 03:00:00,17.98,22.0,4.0,16.9
2026-07-03 04:00:00,18.24,22.9,4.0,17.15
2026-07-03 05:00:00,18.36,23.4,1.0,17.26
2026-07-03 06:00:00,17.89,24.8,1.0,16.81
2026-07-03 07:00:00,108.66,26.2,118.0,102.14
2026-07-03 08:00:00,111.39,28.2,133.6,104.71
2026-07-03 09:00:00,119.84,28.9,119.4,112.65
2026-07-03 10:00:00,141.59,31.8,129.6,133.1
2026-07-03 11:00:00,141.93,33.5,133.9,133.42
2026-07-03 12:00:00,134.3,35.0,123.8,126.24
2026-07-03 13:00:00,161.22,35.3,124.3,151.55
2026-07-03 14:00:00,166.4,36.5,142.2,156.42
2026-07-03 15:00:00,167.66,37.1,114.7,157.6
2026-07-03 16:00:00,168.26,37.1,126.4,158.16
2026-07-03 17:00:00,144.37,35.3,130.8,135.71
2026-07-03 18:00:00,130.18,34.8,126.3,122.37
2026-07-03 19:00:00,86.13,34.5,3.0,80.97
2026-07-03 20:00:00,86.35,31.1,1.0,81.17
2026-07-03 21:00:00,86.37,30.0,1.0,81.18
2026-07-03 22:00:00,84.85,27.6,3.0,79.76
2026-07-03 23:00:00,86.53,27.5,1.0,81.34
2026-07-04 00:00:00,16.79,24.9,0.0,15.78
2026-07-04 01:00:00,19.37,22.8,0.0,18.21
2026-07-04 02:00:00,16.48,20.3,1.0,15.49
2026-07-04 03:00:00,16.07,23.0,1.0,15.11
2026-07-04 04:00:00,16.06,23.2,3.0,15.1
2026-07-04 05:00:00,16.9,23.1,0.0,15.89
2026-07-04 06:00:00,17.63,24.5,3.0,16.57
2026-07-04 07:00:00,20.09,26.0,4.0,18.88
2026-07-04 08:00:00,19.25,27.4,1.0,18.1
2026-07-04 09:00:00,64.96,28.7,49.2,61.07
2026-07-04 10:00:00,68.74,30.4,49.5,64.62
2026-07-04 11:00:00,72.01,33.0,48.1,67.69
2026-07-04 12:00:00,76.34,33.7,48.7,71.76
2026-07-04 13:00:00,80.45,35.1,45.6,75.63
2026-07-04 14:00:00,78.54,35.5,47.7,73.82
2026-07-04 15:00:00,21.32,35.9,4.0,20.04
2026-07-04 16:00:00,21.14,35.5,2.0,19.87
2026-07-04 17:00:00,19.84,35.3,4.0,18.65
2026-07-04 18:00:00,18.56,34.7,3.0,17.45
2026-07-04 19:00:00,17.49,32.1,3.0,16.44
2026-07-04 20:00:00,18.86,31.2,0.0,17.73
2026-07-04 21:00:00,16.99,29.2,0.0,15.97
2026-07-04 22:00:00,18.37,27.6,0.0,17.27
2026-07-04 23:00:00,16.09,24.7,5.0,15.13
2026-07-05 00:00:00,18.98,22.3,2.0,17.84
2026-07-05 01:00:00,41.5,20.8,1.0,39.01
2026-07-05 02:00:00,42.27,21.1,3.0,39.73
2026-07-05 03:00:00,41.96,19.9,1.0,39.44
2026-07-05 04:00:00,42.48,20.4,1.0,39.93
2026-07-05 05:00:00,41.55,21.3,3.0,39.06
2026-07-05 06:00:00,43.32,22.9,1.0,40.72
2026-07-05 07:00:00,18.48,23.5,2.0,17.37
2026-07-05 08:00:00,16.97,24.0,1.0,15.96
2026-07-05 09:00:00,19.38,27.3,3.0,18.21
2026-07-05 10:00:00,19.33,28.1,2.0,18.17
2026-07-05 11:00:00,17.22,30.5,2.0,16.18
2026-07-05 12:00:00,18.85,31.0,4.0,17.72
2026-07-05 13:00:00,17.44,33.1,8.0,16.4
2026-07-05 14:00:00,17.36,33.2,2.0,16.32
2026-07-05 15:00:00,19.04,34.7,1.0,17.9
2026-07-05 16:00:00,19.55,34.0,4.0,18.37
2026-07-05 17:00:00,18.47,33.0,0.0,17.36
2026-07-05 18:00:00,18.38,32.9,1.0,17.28
2026-07-05 19:00:00,18.94,29.5,3.0,17.81
2026-07-05 20:00:00,18.83,28.6,3.0,17.7
2026-07-05 21:00:00,18.3,27.1,1.0,17.2
2026-07-05 22:00:00,17.9,25.3,2.0,16.83
2026-07-05 23:00:00,16.56,23.8,1.0,15.57
2026-07-06 00:00:00,18.46,19.8,1.0,17.35
2026-07-06 01:00:00,16.71,18.4,1.0,15.7
2026-07-06 02:00:00,16.46,18.0,1.0,15.48
2026-07-06 03:00:00,17.54,19.0,0.0,16.48
2026-07-06 04:00:00,18.7,18.4,0.0,17.58
2026-07-06 05:00:00,17.28,18.7,2.0,16.24
2026-07-06 06:00:00,16.27,19.5,2.0,15.3
2026-07-06 07:00:00,98.36,22.3,118.3,92.46
2026-07-06 08:00:00,95.4,23.2,141.6,89.67
2026-07-06 09:00:00,97.07,24.7,113.3,91.24
2026-07-06 10:00:00,105.79,26.7,114.7,99.45
2026-07-06 11:00:00,117.92,27.9,112.4,110.84
2026-07-06 12:00:00,118.12,30.3,119.9,111.03
2026-07-06 13:00:00,144.85,30.9,114.0,136.16
2026-07-06 14:00:00,144.72,31.9,112.7,136.04
2026-07-06 15:00:00,144.34,31.3,110.3,135.68
2026-07-06 16:00:00,149.83,32.7,110.2,140.84
2026-07-06 17:00:00,123.12,30.5,116.6,115.73
2026-07-06 18:00:00,108.54,29.2,120.3,102.03
2026-07-06 19:00:00,17.45,28.5,0.0,16.4
2026-07-06 20:00:00,17.42,26.9,3.0,16.37
2026-07-06 21:00:00,17.71,25.1,2.0,16.65
2026-07-06 22:00:00,18.07,22.6,2.0,16.99
2026-07-06 23:00:00,17.19,21.0,2.0,16.16
2026-07-07 00:00:00,16.29,18.4,1.0,15.31
2026-07-07 01:00:00,17.12,16.8,0.0,16.09
2026-07-07 02:00:00,18.26,16.3,4.0,17.16
2026-07-07 03:00:00,17.3,16.8,2.0,16.26
2026-07-07 04:00:00,17.59,16.8,1.0,16.53
2026-07-07 05:00:00,19.08,17.7,1.0,17.94
2026-07-07 06:00:00,18.09,18.1,1.0,17.0
2026-07-07 07:00:00,97.32,20.2,155.2,91.48
2026-07-07 08:00:00,95.64,21.8,146.1,89.9
2026-07-07 09:00:00,101.45,23.3,157.1,95.36
2026-07-07 10:00:00,102.33,23.9,155.4,96.19
2026-07-07 11:00:00,111.0,26.0,148.1,104.34
2026-07-07 12:00:00,114.45,28.9,154.2,107.58
2026-07-07 13:00:00,139.09,29.0,150.0,130.74
2026-07-07 14:00:00,143.26,30.5,141.9,134.66
2026-07-07 15:00:00,150.24,30.7,156.7,141.23
2026-07-07 16:00:00,144.44,30.2,144.6,135.78
2026-07-07 17:00:00,125.86,28.8,142.3,118.31
2026-07-07 18:00:00,114.08,28.6,145.6,107.23
2026-07-07 19:00:00,17.06,27.7,1.0,16.03
2026-07-07 20:00:00,18.47,25.8,3.0,17.37
2026-07-07 21:00:00,16.99,22.8,3.0,15.97
2026-07-07 22:00:00,20.14,21.7,1.0,18.93
2026-07-07 23:00:00,18.09,21.0,2.0,17.0
2026-07-08 00:00:00,18.85,19.8,4.0,17.71
2026-07-08 01:00:00,18.02,19.1,1.0,16.94
2026-07-08 02:00:00,16.92,17.5,0.0,15.9
2026-07-08 03:00:00,15.85,16.0,3.0,14.89
2026-07-08 04:00:00,19.17,16.7,1.0,18.02
2026-07-08 05:00:00,17.23,17.4,3.0,16.19
2026-07-08 06:00:00,18.63,19.8,0.0,17.51
2026-07-08 07:00:00,101.38,19.5,158.6,95.3
2026-07-08 08:00:00,94.97,21.7,155.0,89.27
2026-07-08 09:00:00,101.01,23.2,156.0,94.95
2026-07-08 10:00:00,112.47,25.9,154.2,105.72
2026-07-08 11:00:00,125.74,28.7,147.3,118.2
2026-07-08 12:00:00,102.17,27.0,140.5,96.04
2026-07-08 13:00:00,140.72,29.0,156.4,132.27
2026-07-08 14:00:00,146.48,30.2,154.0,137.69
2026-07-08 15:00:00,146.77,31.1,145.7,137.97
2026-07-08 16:00:00,144.52,30.4,158.4,135.85
2026-07-08 17:00:00,125.65,29.6,155.2,118.11
2026-07-08 18:00:00,111.46,28.1,155.7,104.77
2026-07-08 19:00:00,16.45,27.4,1.0,15.46
2026-07-08 20:00:00,16.56,25.9,4.0,15.57
2026-07-08 21:00:00,17.19,24.0,0.0,16.16
2026-07-08 22:00:00,19.26,20.8,3.0,18.11
2026-07-08 23:00:00,15.75,20.9,2.0,14.8
2026-07-09 00:00:00,19.2,19.1,3.0,18.04
2026-07-09 01:00:00,18.6,19.3,3.0,17.49
2026-07-09 02:00:00,15.79,18.8,2.0,14.84
2026-07-09 03:00:00,17.6,17.6,1.0,16.54
2026-07-09 04:00:00,18.05,17.6,3.0,16.97
2026-07-09 05:00:00,19.07,20.3,1.0,17.93
2026-07-09 06:00:00,18.31,20.3,2.0,17.21
2026-07-09 07:00:00,100.37,22.2,136.9,94.35
2026-07-09 08:00:00,88.52,23.1,137.7,83.2
2026-07-09 09:00:00,101.93,24.8,132.5,95.81
2026-07-09 10:00:00,123.39,27.8,135.4,115.99
2026-07-09 11:00:00,121.34,29.1,143.3,114.06
2026-07-09 12:00:00,118.92,30.7,138.0,111.79
2026-07-09 13:00:00,157.86,32.9,141.3,148.39
2026-07-09 14:00:00,153.85,31.7,141.8,144.62
2026-07-09 15:00:00,154.79,32.0,154.7,145.5
2026-07-09 16:00:00,153.07,31.8,146.4,143.89
2026-07-09 17:00:00,130.26,31.8,131.0,122.45
2026-07-09 18:00:00,118.59,30.1,141.5,111.48
2026-07-09 19:00:00,16.16,29.0,6.0,15.19
2026-07-09 20:00:00,17.44,26.2,2.0,16.4
2026-07-09 21:00:00,17.71,25.6,1.0,16.65
2026-07-09 22:00:00,18.55,22.9,6.0,17.44
2026-07-09 23:00:00,18.0,21.0,0.0,16.92
2026-07-10 00:00:00,17.02,22.8,2.0,16.0
2026-07-10 01:00:00,15.57,21.8,4.0,14.64
2026-07-10 02:00:00,18.57,20.9,5.0,17.45
2026-07-10 03:00:00,17.14,22.0,4.0,16.11
2026-07-10 04:00:00,18.29,20.4,0.0,17.2
2026-07-10 05:00:00,16.58,20.8,1.0,15.59
2026-07-10 06:00:00,17.73,22.7,2.0,16.67
2026-07-10 07:00:00,105.24,24.1,120.2,98.92
2026-07-10 08:00:00,102.72,25.4,134.2,96.56
2026-07-10 09:00:00,109.8,26.7,126.5,103.22
2026-07-10 10:00:00,119.66,29.1,129.9,112.48
2026-07-10 11:00:00,126.47,30.9,124.8,118.88
2026-07-10 12:00:00,124.67,31.9,131.6,117.19
2026-07-10 13:00:00,154.4,33.9,123.4,145.14
2026-07-10 14:00:00,162.26,34.0,142.5,152.52
2026-07-10 15:00:00,156.96,34.2,127.2,147.54
2026-07-10 16:00:00,163.81,34.8,129.8,153.98
2026-07-10 17:00:00,132.74,33.2,126.7,124.77
2026-07-10 18:00:00,119.57,31.9,132.2,112.4
2026-07-10 19:00:00,17.49,30.7,2.0,16.44
2026-07-10 20:00:00,18.69,29.5,3.0,17.57
2026-07-10 21:00:00,19.35,28.1,3.0,18.19
2026-07-10 22:00:00,18.01,26.3,4.0,16.93
2026-07-10 23:00:00,16.67,23.9,1.0,15.67
2026-07-11 00:00:00,17.9,24.7,1.0,16.83
2026-07-11 01:00:00,16.01,23.8,3.0,15.05
2026-07-11 02:00:00,17.71,23.5,0.0,16.65
2026-07-11 03:00:00,19.08,22.5,4.0,17.93
2026-07-11 04:00:00,17.91,22.7,0.0,16.83
2026-07-11 05:00:00,16.47,23.9,0.0,15.49
2026-07-11 06:00:00,18.47,23.3,1.0,17.36
2026-07-11 07:00:00,19.37,26.1,0.0,18.21
2026-07-11 08:00:00,19.92,28.5,4.0,18.73
2026-07-11 09:00:00,64.77,28.6,44.1,60.88
2026-07-11 10:00:00,73.79,31.8,50.6,69.36
2026-07-11 11:00:00,71.69,32.7,39.3,67.39
2026-07-11 12:00:00,79.51,34.7,38.9,74.74
2026-07-11 13:00:00,78.18,36.0,44.0,73.49
2026-07-11 14:00:00,78.78,35.7,45.4,74.05
2026-07-11 15:00:00,19.59,36.9,5.0,18.41
2026-07-11 16:00:00,20.73,36.4,2.0,19.49
2026-07-11 17:00:00,20.85,35.5,2.0,19.6
2026-07-11 18:00:00,19.09,34.5,2.0,17.95
2026-07-11 19:00:00,16.82,32.9,2.0,15.81
2026-07-11 20:00:00,17.47,31.0,0.0,16.43
2026-07-11 21:00:00,15.08,29.1,2.0,14.17
2026-07-11 22:00:00,17.98,27.8,0.0,16.9
2026-07-11 23:00:00,17.45,25.3,2.0,16.41
2026-07-12 00:00:00,17.48,26.1,2.0,16.43
2026-07-12 01:00:00,15.46,23.6,0.0,14.53
2026-07-12 02:00:00,17.41,22.7,0.0,16.37
2026-07-12 03:00:00,17.22,22.0,3.0,16.19
2026-07-12 04:00:00,18.42,23.7,0.0,17.32
2026-07-12 05:00:00,17.86,24.6,5.0,16.79
2026-07-12 06:00:00,18.45,24.7,3.0,17.34
2026-07-12 07:00:00,17.7,25.9,0.0,16.64
2026-07-12 08:00:00,17.02,27.4,3.0,16.0
2026-07-12 09:00:00,16.93,29.9,3.0,15.91
2026-07-12 10:00:00,17.62,31.4,2.0,16.56
2026-07-12 11:00:00,17.39,33.7,3.0,16.35
2026-07-12 12:00:00,19.5,33.6,4.0,18.33
2026-07-12 13:00:00,15.92,36.0,2.0,14.97
2026-07-12 14:00:00,18.28,37.2,0.0,17.18
2026-07-12 15:00:00,17.76,36.9,1.0,16.7
2026-07-12 16:00:00,18.67,36.3,2.0,17.55
2026-07-12 17:00:00,17.74,34.3,1.0,16.67
2026-07-12 18:00:00,17.41,34.8,2.0,16.37
2026-07-12 19:00:00,17.85,32.8,2.0,16.78
2026-07-12 20:00:00,17.75,30.1,2.0,16.69
2026-07-12 21:00:00,18.35,30.5,1.0,17.25
2026-07-12 22:00:00,19.58,27.6,4.0,18.4
2026-07-12 23:00:00,16.95,25.9,0.0,15.93
2026-07-13 00:00:00,17.55,23.7,0.0,16.5
2026-07-13 01:00:00,16.47,22.0,3.0,15.48
2026-07-13 02:00:00,17.95,21.5,3.0,16.88
2026-07-13 03:00:00,17.9,20.7,0.0,16.83
2026-07-13 04:00:00,16.46,22.1,2.0,15.47
2026-07-13 05:00:00,16.85,22.3,2.0,15.84
2026-07-13 06:00:00,18.0,23.8,5.0,16.92
2026-07-13 07:00:00,107.52,25.3,128.3,101.07
2026-07-13 08:00:00,96.29,25.7,131.4,90.51
2026-07-13 09:00:00,115.66,28.4,114.7,108.72
2026-07-13 10:00:00,125.39,30.2,122.2,117.87
2026-07-13 11:00:00,133.71,32.7,123.2,125.69
2026-07-13 12:00:00,125.16,33.7,128.3,117.65
2026-07-13 13:00:00,158.75,34.6,124.9,149.23
2026-07-13 14:00:00,163.97,35.8,118.9,154.13
2026-07-13 15:00:00,158.02,35.1,120.1,148.54
2026-07-13 16:00:00,156.15,34.1,131.2,146.78
2026-07-13 17:00:00,133.8,33.7,104.9,125.77
2026-07-13 18:00:00,126.17,32.3,131.5,118.6
2026-07-13 19:00:00,19.75,31.3,3.0,18.57
2026-07-13 20:00:00,15.85,29.2,4.0,14.9
2026-07-13 21:00:00,17.89,28.0,1.0,16.82
2026-07-13 22:00:00,18.05,26.3,0.0,16.97
2026-07-13 23:00:00,17.4,23.7,1.0,16.36
2026-07-14 00:00:00,18.89,21.1,3.0,17.76
2026-07-14 01:00:00,17.28,19.3,1.0,16.24
2026-07-14 02:00:00,16.17,19.2,1.0,15.2
2026-07-14 03:00:00,17.94,18.0,4.0,16.86
2026-07-14 04:00:00,17.64,19.4,3.0,16.58
2026-07-14 05:00:00,16.2,20.1,3.0,15.23
2026-07-14 06:00:00,16.8,21.4,2.0,15.79
2026-07-14 07:00:00,99.9,22.0,150.0,93.91
2026-07-14 08:00:00,100.04,25.4,139.7,94.04
2026-07-14 09:00:00,112.85,26.3,150.9,106.08
2026-07-14 10:00:00,117.94,27.6,148.3,110.87
2026-07-14 11:00:00,128.72,30.0,163.5,121.0
2026-07-14 12:00:00,123.97,30.0,147.4,116.53
2026-07-14 13:00:00,155.94,31.5,159.5,146.58
2026-07-14 14:00:00,158.28,32.3,152.0,148.78
2026-07-14 15:00:00,153.32,32.7,146.6,144.12
2026-07-14 16:00:00,148.38,32.1,143.5,139.47
2026-07-14 17:00:00,135.38,32.0,142.6,127.26
2026-07-14 18:00:00,119.63,29.9,150.3,112.45
2026-07-14 19:00:00,17.87,28.2,4.0,16.8
2026-07-14 20:00:00,19.23,27.6,0.0,18.07
2026-07-14 21:00:00,17.58,26.2,1.0,16.52
2026-07-14 22:00:00,16.09,24.2,0.0,15.12
2026-07-14 23:00:00,17.19,23.4,4.0,16.16
2026-07-15 00:00:00,17.18,18.3,6.0,16.15
2026-07-15 01:00:00,17.86,17.6,3.0,16.79
2026-07-15 02:00:00,16.61,16.5,1.0,15.61
2026-07-15 03:00:00,18.21,17.0,1.0,17.12
2026-07-15 04:00:00,16.37,18.5,5.0,15.39
2026-07-15 05:00:00,18.67,17.6,5.0,17.55
2026-07-15 06:00:00,17.15,18.3,4.0,16.12
2026-07-15 07:00:00,107.19,20.4,160.7,100.76
2026-07-15 08:00:00,91.31,22.5,155.1,85.83
2026-07-15 09:00:00,100.93,23.3,152.9,94.88
2026-07-15 10:00:00,112.77,25.6,155.4,106.0
2026-07-15 11:00:00,119.12,27.4,158.4,111.97
2026-07-15 12:00:00,108.74,27.7,148.4,102.22
2026-07-15 13:00:00,145.62,29.3,159.2,136.88
2026-07-15 14:00:00,154.16,31.4,153.5,144.91
2026-07-15 15:00:00,146.94,31.0,152.6,138.12
2026-07-15 16:00:00,146.55,30.5,152.3,137.76
2026-07-15 17:00:00,130.32,30.1,155.0,122.5
2026-07-15 18:00:00,114.33,29.6,161.6,107.47
2026-07-15 19:00:00,18.43,25.9,0.0,17.33
2026-07-15 20:00:00,18.49,25.7,1.0,17.38
2026-07-15 21:00:00,17.18,24.7,2.0,16.15
2026-07-15 22:00:00,14.91,21.8,0.0,14.01
2026-07-15 23:00:00,16.7,21.0,1.0,15.7
2026-07-16 00:00:00,17.47,17.8,3.0,16.42
2026-07-16 01:00:00,17.46,16.5,2.0,16.41
2026-07-16 02:00:00,15.89,15.7,5.0,14.93
2026-07-16 03:00:00,19.33,16.0,2.0,18.17
2026-07-16 04:00:00,18.42,16.5,5.0,17.32
2026-07-16 05:00:00,17.56,16.5,3.0,16.51
2026-07-16 06:00:00,17.05,18.5,0.0,16.02
2026-07-16 07:00:00,102.63,19.0,135.2,96.47
2026-07-16 08:00:00,92.93,21.1,134.7,87.35
2026-07-16 09:00:00,106.12,24.0,147.0,99.75
2026-07-16 10:00:00,107.57,24.7,132.0,101.11
2026-07-16 11:00:00,116.24,26.6,140.2,109.27
2026-07-16 12:00:00,117.3,28.6,145.2,110.26
2026-07-16 13:00:00,138.71,29.0,148.5,130.38
2026-07-16 14:00:00,146.17,30.2,152.7,137.4
2026-07-16 15:00:00,145.21,30.6,149.5,136.5
2026-07-16 16:00:00,133.78,29.6,134.7,125.75
2026-07-16 17:00:00,127.37,30.6,134.3,119.73
2026-07-16 18:00:00,111.94,28.1,144.2,105.22
2026-07-16 19:00:00,16.92,27.3,4.0,15.9
2026-07-16 20:00:00,17.36,25.9,3.0,16.32
2026-07-16 21:00:00,17.53,23.5,1.0,16.48
2026-07-16 22:00:00,17.41,21.4,2.0,16.37
2026-07-16 23:00:00,17.52,20.6,3.0,16.47
2026-07-17 00:00:00,15.74,19.7,4.0,14.79
2026-07-17 01:00:00,17.48,18.1,3.0,16.43
2026-07-17 02:00:00,17.08,18.4,1.0,16.05
2026-07-17 03:00:00,18.95,17.8,1.0,17.81
2026-07-17 04:00:00,18.95,17.7,0.0,17.82
2026-07-17 05:00:00,18.15,17.8,2.0,17.06
2026-07-17 06:00:00,16.68,19.1,4.0,15.68
2026-07-17 07:00:00,95.66,21.0,132.5,89.92
2026-07-17 08:00:00,91.89,21.5,115.3,86.38
2026-07-17 09:00:00,101.67,24.0,143.9,95.57
2026-07-17 10:00:00,115.97,26.3,136.8,109.01
2026-07-17 11:00:00,124.4,29.1,134.5,116.93
2026-07-17 12:00:00,112.36,29.6,131.4,105.62
2026-07-17 13:00:00,138.25,29.9,126.0,129.96
2026-07-17 14:00:00,146.06,30.8,130.9,137.29
2026-07-17 15:00:00,144.32,31.4,136.3,135.66
2026-07-17 16:00:00,137.93,31.0,121.0,129.65
2026-07-17 17:00:00,129.23,30.4,125.1,121.48
2026-07-17 18:00:00,116.6,29.7,118.8,109.61
2026-07-17 19:00:00,18.08,28.6,0.0,17.0
2026-07-17 20:00:00,17.2,26.8,2.0,16.16
2026-07-17 21:00:00,16.38,24.1,1.0,15.4
2026-07-17 22:00:00,15.73,22.6,2.0,14.79
2026-07-17 23:00:00,17.31,21.5,2.0,16.27
2026-07-18 00:00:00,14.63,20.8,0.0,13.75
2026-07-18 01:00:00,17.12,20.6,3.0,16.09
2026-07-18 02:00:00,16.4,20.0,1.0,15.42
2026-07-18 03:00:00,17.62,19.7,0.0,16.56
2026-07-18 04:00:00,17.3,19.7,1.0,16.26
2026-07-18 05:00:00,17.87,20.3,2.0,16.8
2026-07-18 06:00:00,17.49,21.2,0.0,16.44
2026-07-18 07:00:00,21.06,21.5,2.0,19.8
2026-07-18 08:00:00,20.1,24.8,2.0,18.9
2026-07-18 09:00:00,58.11,25.6,42.4,54.62
2026-07-18 10:00:00,58.69,27.6,46.5,55.17
2026-07-18 11:00:00,63.96,30.3,44.8,60.13
2026-07-18 12:00:00,69.27,32.1,41.3,65.11
2026-07-18 13:00:00,71.16,32.7,50.7,66.89
2026-07-18 14:00:00,75.5,33.3,47.1,70.97
2026-07-18 15:00:00,19.56,33.6,1.0,18.39
2026-07-18 16:00:00,16.49,32.6,4.0,15.5
2026-07-18 17:00:00,18.76,33.6,1.0,17.63
2026-07-18 18:00:00,20.07,32.3,1.0,18.86
2026-07-18 19:00:00,18.1,29.6,1.0,17.02
2026-07-18 20:00:00,16.73,29.0,1.0,15.73
2026-07-18 21:00:00,18.01,26.3,3.0,16.93
2026-07-18 22:00:00,16.76,24.7,3.0,15.76
2026-07-18 23:00:00,18.01,23.6,3.0,16.93
2026-07-19 00:00:00,17.7,22.6,4.0,16.64
2026-07-19 01:00:00,18.35,22.6,1.0,17.25
2026-07-19 02:00:00,18.53,21.5,4.0,17.42
2026-07-19 03:00:00,16.98,21.3,2.0,15.97
2026-07-19 04:00:00,16.43,23.1,0.0,15.45
2026-07-19 05:00:00,17.74,22.7,4.0,16.68
2026-07-19 06:00:00,17.93,23.1,2.0,16.85
2026-07-19 07:00:00,17.23,25.2,3.0,16.2
2026-07-19 08:00:00,18.1,26.4,4.0,17.01
2026-07-19 09:00:00,17.38,29.4,2.0,16.34
2026-07-19 10:00:00,18.49,30.2,1.0,17.38
2026-07-19 11:00:00,17.09,31.8,2.0,16.06
2026-07-19 12:00:00,19.02,34.3,4.0,17.88
2026-07-19 13:00:00,16.71,34.9,2.0,15.71
2026-07-19 14:00:00,17.24,35.6,2.0,16.21
2026-07-19 15:00:00,18.51,36.5,2.0,17.4
2026-07-19 16:00:00,17.68,35.7,4.0,16.62
2026-07-19 17:00:00,18.15,34.9,1.0,17.06
2026-07-19 18:00:00,15.22,32.6,4.0,14.31
2026-07-19 19:00:00,17.41,31.8,4.0,16.36
2026-07-19 20:00:00,17.82,30.6,1.0,16.75
2026-07-19 21:00:00,16.97,29.2,2.0,15.95
2026-07-19 22:00:00,19.34,27.1,0.0,18.18
2026-07-19 23:00:00,17.2,24.0,2.0,16.17
2026-07-20 00:00:00,19.21,25.3,2.0,18.06
2026-07-20 01:00:00,16.85,24.1,0.0,15.84
2026-07-20 02:00:00,18.66,23.0,0.0,17.54
2026-07-20 03:00:00,18.66,22.9,0.0,17.54
2026-07-20 04:00:00,18.0,23.5,3.0,16.92
2026-07-20 05:00:00,15.67,23.2,4.0,14.73
2026-07-20 06:00:00,19.25,25.5,2.0,18.09
2026-07-20 07:00:00,111.84,26.0,114.1,105.13
2026-07-20 08:00:00,106.64,27.8,120.9,100.24
2026-07-20 09:00:00,122.39,29.7,131.9,115.05
2026-07-20 10:00:00,125.53,31.6,114.8,118.0
2026-07-20 11:00:00,133.36,32.8,119.7,125.36
2026-07-20 12:00:00,127.22,34.2,110.2,119.59
2026-07-20 13:00:00,160.85,34.8,125.3,151.2
2026-07-20 14:00:00,160.68,35.6,117.8,151.04
2026-07-20 15:00:00,165.79,36.9,129.4,155.84
2026-07-20 16:00:00,168.66,36.5,118.9,158.54
2026-07-20 17:00:00,145.07,35.9,114.7,136.36
2026-07-20 18:00:00,129.81,34.2,127.5,122.02
2026-07-20 19:00:00,17.44,34.3,1.0,16.39
2026-07-20 20:00:00,15.99,31.1,3.0,15.03
2026-07-20 21:00:00,18.4,28.7,3.0,17.29
2026-07-20 22:00:00,17.65,27.6,1.0,16.59
2026-07-20 23:00:00,18.4,27.2,0.0,17.29
2026-07-21 00:00:00,15.29,23.6,1.0,14.37
2026-07-21 01:00:00,17.01,23.9,0.0,15.99
2026-07-21 02:00:00,16.85,22.2,4.0,15.84
2026-07-21 03:00:00,18.26,22.2,2.0,17.16
2026-07-21 04:00:00,17.61,21.6,0.0,16.55
2026-07-21 05:00:00,16.85,22.0,2.0,15.84
2026-07-21 06:00:00,16.47,24.2,4.0,15.48
2026-07-21 07:00:00,111.12,26.7,142.8,104.45
2026-07-21 08:00:00,108.21,26.6,146.1,101.72
2026-07-21 09:00:00,121.16,29.4,151.4,113.89
2026-07-21 10:00:00,130.35,30.4,135.2,122.53
2026-07-21 11:00:00,140.11,33.5,153.5,131.7
2026-07-21 12:00:00,132.17,34.9,146.2,124.24
2026-07-21 13:00:00,162.91,34.5,145.0,153.14
2026-07-21 14:00:00,169.88,35.7,138.1,159.69
2026-07-21 15:00:00,171.6,36.0,143.0,161.3
2026-07-21 16:00:00,167.01,35.1,136.6,156.99
2026-07-21 17:00:00,152.05,36.3,144.8,142.93
2026-07-21 18:00:00,128.48,33.3,148.0,120.77
2026-07-21 19:00:00,17.91,32.5,0.0,16.83
2026-07-21 20:00:00,17.13,30.8,1.0,16.1
2026-07-21 21:00:00,19.1,28.9,2.0,17.95
2026-07-21 22:00:00,17.73,27.2,4.0,16.67
2026-07-21 23:00:00,17.95,25.5,1.0,16.87
2026-07-22 00:00:00,17.64,21.4,4.0,16.58
2026-07-22 01:00:00,16.63,20.4,1.0,15.63
2026-07-22 02:00:00,16.63,19.6,3.0,15.64
2026-07-22 03:00:00,16.39,20.0,2.0,15.41
2026-07-22 04:00:00,19.46,21.0,1.0,18.29
2026-07-22 05:00:00,17.39,20.7,2.0,16.35
2026-07-22 06:00:00,19.27,22.3,1.0,18.11
2026-07-22 07:00:00,101.45,23.4,157.0,95.36
2026-07-22 08:00:00,99.98,25.8,154.1,93.98
2026-07-22 09:00:00,118.2,27.1,157.7,111.1
2026-07-22 10:00:00,123.18,29.5,144.9,115.79
2026-07-22 11:00:00,132.48,31.0,149.9,124.53
2026-07-22 12:00:00,122.78,30.6,174.0,115.41
2026-07-22 13:00:00,162.19,33.9,152.6,152.46
2026-07-22 14:00:00,166.46,34.7,163.2,156.48
2026-07-22 15:00:00,169.3,34.0,162.0,159.14
2026-07-22 16:00:00,163.87,34.0,168.7,154.04
2026-07-22 17:00:00,143.89,33.7,162.7,135.26
2026-07-22 18:00:00,124.2,31.6,163.0,116.74
2026-07-22 19:00:00,16.82,30.1,1.0,15.81
2026-07-22 20:00:00,18.36,28.6,0.0,17.26
2026-07-22 21:00:00,18.02,27.5,1.0,16.94
2026-07-22 22:00:00,18.25,25.8,4.0,17.16
2026-07-22 23:00:00,17.48,23.1,2.0,16.43
2026-07-23 00:00:00,17.19,19.4,2.0,16.16
2026-07-23 01:00:00,18.11,18.8,1.0,17.02
2026-07-23 02:00:00,17.5,18.9,1.0,16.45
2026-07-23 03:00:00,16.79,17.7,1.0,15.78
2026-07-23 04:00:00,16.87,18.6,3.0,15.86
2026-07-23 05:00:00,17.37,17.8,4.0,16.33
2026-07-23 06:00:00,17.68,18.1,2.0,16.62
2026-07-23 07:00:00,103.7,20.7,147.5,97.48
2026-07-23 08:00:00,96.33,23.3,143.7,90.55
2026-07-23 09:00:00,101.43,24.1,142.5,95.35
2026-07-23 10:00:00,113.24,27.2,129.2,106.45
2026-07-23 11:00:00,118.16,28.5,135.4,111.07
2026-07-23 12:00:00,114.15,29.8,148.7,107.3
2026-07-23 13:00:00,144.28,30.4,149.9,135.62
2026-07-23 14:00:00,146.59,31.1,147.1,137.8
2026-07-23 15:00:00,151.59,32.4,137.4,142.49
2026-07-23 16:00:00,153.14,32.1,140.4,143.95
2026-07-23 17:00:00,136.21,30.8,155.9,128.04
2026-07-23 18:00:00,111.28,29.0,145.7,104.61
2026-07-23 19:00:00,17.57,28.4,4.0,16.51
2026-07-23 20:00:00,18.7,27.0,0.0,17.58
2026-07-23 21:00:00,17.38,25.1,2.0,16.33
2026-07-23 22:00:00,16.28,22.7,1.0,15.3
2026-07-23 23:00:00,18.95,21.0,3.0,17.82
2026-07-24 00:00:00,17.42,19.1,2.0,16.38
2026-07-24 01:00:00,17.08,16.9,3.0,16.06
2026-07-24 02:00:00,16.74,17.6,2.0,15.73
2026-07-24 03:00:00,17.34,16.1,0.0,16.3
2026-07-24 04:00:00,17.62,15.6,1.0,16.56
2026-07-24 05:00:00,16.37,16.4,0.0,15.38
2026-07-24 06:00:00,16.51,18.3,2.0,15.52
2026-07-24 07:00:00,99.52,19.9,126.1,93.55
2026-07-24 08:00:00,92.93,21.6,140.1,87.35
2026-07-24 09:00:00,99.87,24.1,120.9,93.88
2026-07-24 10:00:00,109.02,26.2,124.3,102.48
2026-07-24 11:00:00,107.97,27.5,120.8,101.49
2026-07-24 12:00:00,106.44,28.5,132.9,100.05
2026-07-24 13:00:00,133.72,29.9,130.7,125.69
2026-07-24 14:00:00,136.42,29.6,123.2,128.23
2026-07-24 15:00:00,142.13,30.0,120.4,133.6
2026-07-24 16:00:00,138.62,30.1,121.1,130.3
2026-07-24 17:00:00,122.93,29.8,126.4,115.55
2026-07-24 18:00:00,104.62,28.0,121.4,98.35
2026-07-24 19:00:00,16.51,27.1,2.0,15.52
2026-07-24 20:00:00,18.64,25.5,2.0,17.52
2026-07-24 21:00:00,17.26,23.8,2.0,16.23
2026-07-24 22:00:00,17.65,21.4,1.0,16.59
2026-07-24 23:00:00,19.59,19.4,0.0,18.41
2026-07-25 00:00:00,18.08,18.7,1.0,17.0
2026-07-25 01:00:00,17.72,17.3,2.0,16.66
2026-07-25 02:00:00,19.03,15.5,0.0,17.89
2026-07-25 03:00:00,16.27,16.5,1.0,15.29
2026-07-25 04:00:00,17.87,17.1,2.0,16.8
2026-07-25 05:00:00,17.96,16.6,2.0,16.88
2026-07-25 06:00:00,17.54,18.8,3.0,16.49
2026-07-25 07:00:00,20.69,20.2,4.0,19.45
2026-07-25 08:00:00,18.45,22.3,3.0,17.34
2026-07-25 09:00:00,50.9,23.4,45.0,47.84
2026-07-25 10:00:00,57.01,25.8,49.4,53.59
2026-07-25 11:00:00,58.96,26.9,46.3,55.43
2026-07-25 12:00:00,64.17,28.5,55.5,60.32
2026-07-25 13:00:00,66.56,29.5,41.8,62.57
2026-07-25 14:00:00,69.49,30.3,41.8,65.32
2026-07-25 15:00:00,19.28,31.5,5.0,18.12
2026-07-25 16:00:00,21.07,29.2,2.0,19.81
2026-07-25 17:00:00,20.04,28.8,0.0,18.84
2026-07-25 18:00:00,20.82,28.3,6.0,19.57
2026-07-25 19:00:00,17.21,27.6,4.0,16.18
2026-07-25 20:00:00,17.49,24.6,1.0,16.44
2026-07-25 21:00:00,17.08,24.2,1.0,16.05
2026-07-25 22:00:00,17.7,20.3,4.0,16.64
2026-07-25 23:00:00,17.92,19.6,2.0,16.85
2026-07-26 00:00:00,17.42,20.1,0.0,16.37
2026-07-26 01:00:00,14.94,19.7,0.0,14.05
2026-07-26 02:00:00,16.41,17.9,1.0,15.43
2026-07-26 03:00:00,16.35,18.8,3.0,15.37
2026-07-26 04:00:00,16.52,19.3,2.0,15.53
2026-07-26 05:00:00,15.78,20.2,1.0,14.83
2026-07-26 06:00:00,17.88,21.5,1.0,16.81
2026-07-26 07:00:00,17.61,22.2,0.0,16.55
2026-07-26 08:00:00,16.0,23.9,3.0,15.04
2026-07-26 09:00:00,20.61,26.5,5.0,19.37
2026-07-26 10:00:00,18.0,27.3,4.0,16.92
2026-07-26 11:00:00,16.28,28.1,6.0,15.3
2026-07-26 12:00:00,17.11,29.6,3.0,16.09
2026-07-26 13:00:00,17.14,30.5,4.0,16.11
2026-07-26 14:00:00,17.54,33.2,2.0,16.49
2026-07-26 15:00:00,18.6,31.1,0.0,17.48
2026-07-26 16:00:00,16.49,31.4,3.0,15.5
2026-07-26 17:00:00,19.43,32.1,2.0,18.27
2026-07-26 18:00:00,17.64,30.1,2.0,16.58
2026-07-26 19:00:00,15.98,29.6,2.0,15.03
2026-07-26 20:00:00,15.79,26.8,2.0,14.85
2026-07-26 21:00:00,17.35,25.7,3.0,16.31
2026-07-26 22:00:00,17.01,24.4,0.0,15.98
2026-07-26 23:00:00,16.54,21.3,2.0,15.55
2026-07-27 00:00:00,17.58,21.9,1.0,16.52
2026-07-27 01:00:00,16.89,22.5,2.0,15.87
2026-07-27 02:00:00,16.85,20.0,1.0,15.84
2026-07-27 03:00:00,16.5,20.1,3.0,15.51
2026-07-27 04:00:00,17.23,20.6,3.0,16.19
2026-07-27 05:00:00,16.35,22.1,2.0,15.37
2026-07-27 06:00:00,15.96,23.1,2.0,15.01
2026-07-27 07:00:00,102.51,24.5,122.4,96.36
2026-07-27 08:00:00,99.13,25.0,127.3,93.18
2026-07-27 09:00:00,109.4,27.5,119.7,102.83
2026-07-27 10:00:00,122.79,29.8,124.0,115.42
2026-07-27 11:00:00,131.56,31.8,117.7,123.67
2026-07-27 12:00:00,120.22,32.0,119.8,113.01
2026-07-27 13:00:00,154.45,33.9,117.4,145.19
2026-07-27 14:00:00,155.43,34.9,116.9,146.1
2026-07-27 15:00:00,162.05,35.7,129.7,152.33
2026-07-27 16:00:00,159.66,34.8,116.5,150.08
2026-07-27 17:00:00,136.56,33.9,118.4,128.36
2026-07-27 18:00:00,118.38,32.2,113.6,111.28
2026-07-27 19:00:00,16.78,31.1,3.0,15.78
2026-07-27 20:00:00,17.97,29.8,2.0,16.89
2026-07-27 21:00:00,18.18,28.5,2.0,17.09
2026-07-27 22:00:00,17.29,26.3,2.0,16.25
2026-07-27 23:00:00,17.23,24.6,4.0,16.2
2026-07-28 00:00:00,19.22,24.1,3.0,18.07
2026-07-28 01:00:00,18.36,23.0,1.0,17.26
2026-07-28 02:00:00,15.58,22.6,0.0,14.65
2026-07-28 03:00:00,17.48,22.8,0.0,16.43
2026-07-28 04:00:00,18.94,22.3,2.0,17.81
2026-07-28 05:00:00,16.46,23.6,3.0,15.47
2026-07-28 06:00:00,16.38,23.8,1.0,15.4
2026-07-28 07:00:00,109.21,24.6,151.7,102.66
2026-07-28 08:00:00,109.25,27.3,143.3,102.7
2026-07-28 09:00:00,122.63,28.7,138.5,115.27
2026-07-28 10:00:00,128.25,31.2,155.5,120.55
2026-07-28 11:00:00,136.84,32.0,148.1,128.63
2026-07-28 12:00:00,135.8,34.8,149.2,127.66
2026-07-28 13:00:00,165.5,35.2,159.1,155.57
2026-07-28 14:00:00,171.51,36.3,141.1,161.22
2026-07-28 15:00:00,169.94,35.7,153.2,159.74
2026-07-28 16:00:00,175.85,37.2,146.0,165.29
2026-07-28 17:00:00,147.46,35.0,146.0,138.61
2026-07-28 18:00:00,130.01,33.4,138.1,122.21
2026-07-28 19:00:00,16.91,32.8,1.0,15.89
2026-07-28 20:00:00,17.95,31.2,2.0,16.87
2026-07-28 21:00:00,17.89,30.5,1.0,16.82
2026-07-28 22:00:00,17.5,26.0,3.0,16.45
2026-07-28 23:00:00,17.76,25.3,1.0,16.69
2026-07-29 00:00:00,18.15,24.0,2.0,17.06
2026-07-29 01:00:00,17.76,21.9,0.0,16.69
2026-07-29 02:00:00,16.39,24.4,2.0,15.4
2026-07-29 03:00:00,17.63,23.3,3.0,16.57
2026-07-29 04:00:00,18.93,22.7,3.0,17.79
2026-07-29 05:00:00,16.8,23.4,3.0,15.79
2026-07-29 06:00:00,18.44,24.5,2.0,17.33
2026-07-29 07:00:00,114.89,25.7,156.5,108.0
2026-07-29 08:00:00,108.8,27.5,141.9,102.28
2026-07-29 09:00:00,122.69,29.2,146.7,115.33
2026-07-29 10:00:00,127.72,31.3,150.8,120.06
2026-07-29 11:00:00,146.32,33.6,163.9,137.54
2026-07-29 12:00:00,132.42,33.8,153.6,124.48
2026-07-29 13:00:00,170.14,36.0,159.7,159.93
2026-07-29 14:00:00,177.09,36.4,158.2,166.46
2026-07-29 15:00:00,176.82,37.0,160.5,166.21
2026-07-29 16:00:00,174.81,37.2,157.9,164.32
2026-07-29 17:00:00,154.4,36.5,159.9,145.14
2026-07-29 18:00:00,135.56,34.2,157.1,127.43
2026-07-29 19:00:00,17.81,33.2,4.0,16.74
2026-07-29 20:00:00,16.28,31.3,2.0,15.31
2026-07-29 21:00:00,16.72,28.9,1.0,15.71
2026-07-29 22:00:00,18.4,27.8,1.0,17.3
2026-07-29 23:00:00,19.02,25.5,3.0,17.88
2026-07-30 00:00:00,18.39,22.6,3.0,17.29
2026-07-30 01:00:00,16.55,22.5,1.0,15.56
2026-07-30 02:00:00,16.27,21.9,3.0,15.29
2026-07-30 03:00:00,16.96,21.3,2.0,15.94
2026-07-30 04:00:00,17.99,21.2,1.0,16.91
2026-07-30 05:00:00,18.66,21.4,7.0,17.54
2026-07-30 06:00:00,17.63,22.8,0.0,16.57
2026-07-30 07:00:00,105.42,25.1,146.3,99.09
2026-07-30 08:00:00,102.32,26.2,141.7,96.18
2026-07-30 09:00:00,124.57,28.4,152.0,117.09
2026-07-30 10:00:00,127.57,29.2,146.4,119.92
2026-07-30 11:00:00,140.64,31.9,149.6,132.2
2026-07-30 12:00:00,133.25,33.7,143.7,125.25
2026-07-30 13:00:00,160.49,34.3,142.2,150.86
2026-07-30 14:00:00,171.09,35.9,136.3,160.83
2026-07-30 15:00:00,165.66,35.5,132.2,155.72
2026-07-30 16:00:00,161.44,33.7,146.4,151.75
2026-07-30 17:00:00,147.31,33.9,142.9,138.47
2026-07-30 18:00:00,129.61,32.8,134.6,121.84
2026-07-30 19:00:00,17.5,32.9,2.0,16.45
2026-07-30 20:00:00,16.48,30.2,1.0,15.49
2026-07-30 21:00:00,19.32,27.9,2.0,18.16
2026-07-30 22:00:00,18.35,27.3,5.0,17.25
2026-07-30 23:00:00,16.35,24.8,3.0,15.37
2026-07-31 00:00:00,17.35,20.7,0.0,16.31
2026-07-31 01:00:00,17.35,19.4,4.0,16.31
2026-07-31 02:00:00,16.7,19.5,3.0,15.69
2026-07-31 03:00:00,18.32,19.1,3.0,17.22
2026-07-31 04:00:00,17.3,18.8,4.0,16.27
2026-07-31 05:00:00,17.32,19.5,1.0,16.28
2026-07-31 06:00:00,17.27,19.9,0.0,16.23
2026-07-31 07:00:00,97.74,22.3,124.3,91.87
2026-07-31 08:00:00,92.85,24.4,132.1,87.28
2026-07-31 09:00:00,102.54,25.2,118.7,96.38
2026-07-31 10:00:00,110.11,27.5,120.6,103.5
2026-07-31 11:00:00,122.4,29.1,127.3,115.06
2026-07-31 12:00:00,113.43,30.5,123.1,106.62
2026-07-31 13:00:00,148.19,32.0,120.1,139.3
2026-07-31 14:00:00,146.54,31.6,123.5,137.75
2026-07-31 15:00:00,156.85,33.0,144.9,147.44
2026-07-31 16:00:00,143.78,32.1,125.3,135.15
2026-07-31 17:00:00,133.22,31.9,120.2,125.23
2026-07-31 18:00:00,114.48,30.5,125.2,107.61
2026-07-31 19:00:00,17.18,30.5,4.0,16.15
2026-07-31 20:00:00,17.64,28.5,3.0,16.58
2026-07-31 21:00:00,17.43,26.9,3.0,16.38
2026-07-31 22:00:00,18.55,23.9,2.0,17.44
2026-07-31 23:00:00,17.2,22.3,2.0,16.17
2026-08-01 00:00:00,20.18,18.8,2.0,18.97
2026-08-01 01:00:00,16.33,18.8,1.0,15.35
2026-08-01 02:00:00,16.66,16.8,1.0,15.66
2026-08-01 03:00:00,18.33,16.6,3.0,17.23
2026-08-01 04:00:00,16.99,17.9,1.0,15.97
2026-08-01 05:00:00,17.69,18.6,2.0,16.63
2026-08-01 06:00:00,16.82,18.6,2.0,15.81
2026-08-01 07:00:00,21.47,20.8,3.0,20.19
2026-08-01 08:00:00,18.91,22.1,1.0,17.77
2026-08-01 09:00:00,53.58,23.4,41.7,50.37
2026-08-01 10:00:00,51.44,25.6,33.8,48.35
2026-08-01 11:00:00,54.96,27.1,47.3,51.66
2026-08-01 12:00:00,65.97,28.6,42.4,62.01
2026-08-01 13:00:00,66.62,29.8,46.9,62.63
2026-08-01 14:00:00,66.24,29.4,48.8,62.26
2026-08-01 15:00:00,24.71,31.3,1.0,23.23
2026-08-01 16:00:00,22.07,29.5,2.0,20.75
2026-08-01 17:00:00,19.64,29.1,0.0,18.46
2026-08-01 18:00:00,20.4,28.6,2.0,19.17
2026-08-01 19:00:00,17.01,28.2,2.0,15.99
2026-08-01 20:00:00,18.26,25.3,4.0,17.16
2026-08-01 21:00:00,17.64,24.9,1.0,16.58
2026-08-01 22:00:00,17.7,22.4,2.0,16.63
2026-08-01 23:00:00,17.04,21.0,4.0,16.02
2026-08-02 00:00:00,18.54,19.0,3.0,17.43
2026-08-02 01:00:00,16.7,17.2,1.0,15.7
2026-08-02 02:00:00,16.35,16.3,1.0,15.36
2026-08-02 03:00:00,17.8,15.7,3.0,16.73
2026-08-02 04:00:00,17.13,17.8,6.0,16.1
2026-08-02 05:00:00,19.25,16.7,4.0,18.09
2026-08-02 06:00:00,18.42,17.7,1.0,17.32
2026-08-02 07:00:00,15.62,19.3,1.0,14.68
2026-08-02 08:00:00,19.21,21.6,2.0,18.06
2026-08-02 09:00:00,19.49,22.5,1.0,18.32
2026-08-02 10:00:00,17.61,25.7,4.0,16.55
2026-08-02 11:00:00,18.31,28.0,2.0,17.21
2026-08-02 12:00:00,17.59,28.2,2.0,16.54
2026-08-02 13:00:00,16.82,29.5,1.0,15.81
2026-08-02 14:00:00,19.58,30.3,0.0,18.41
2026-08-02 15:00:00,16.26,30.5,4.0,15.28
2026-08-02 16:00:00,17.95,30.0,1.0,16.87
2026-08-02 17:00:00,17.2,29.5,1.0,16.17
2026-08-02 18:00:00,18.15,27.4,4.0,17.06
2026-08-02 19:00:00,16.1,26.0,2.0,15.14
2026-08-02 20:00:00,16.65,25.1,2.0,15.65
2026-08-02 21:00:00,17.04,24.0,3.0,16.01
2026-08-02 22:00:00,17.95,21.6,1.0,16.87
2026-08-02 23:00:00,16.84,18.3,1.0,15.83
2026-08-03 00:00:00,17.95,19.4,1.0,16.87
2026-08-03 01:00:00,17.29,17.7,3.0,16.26
2026-08-03 02:00:00,15.45,18.0,4.0,14.52
2026-08-03 03:00:00,17.21,17.1,2.0,16.18
2026-08-03 04:00:00,17.7,17.2,1.0,16.64
2026-08-03 05:00:00,17.17,18.5,0.0,16.14
2026-08-03 06:00:00,17.21,18.7,2.0,16.18
2026-08-03 07:00:00,97.78,21.9,120.1,91.92
2026-08-03 08:00:00,92.37,22.9,111.1,86.83
2026-08-03 09:00:00,101.06,24.5,131.4,94.99
2026-08-03 10:00:00,114.44,27.2,125.4,107.57
2026-08-03 11:00:00,117.86,28.0,118.3,110.79
2026-08-03 12:00:00,106.24,29.4,106.2,99.86
2026-08-03 13:00:00,139.55,30.3,122.2,131.18
2026-08-03 14:00:00,144.13,31.8,106.3,135.48
2026-08-03 15:00:00,139.84,30.3,125.3,131.45
2026-08-03 16:00:00,146.18,31.4,114.0,137.41
2026-08-03 17:00:00,127.66,31.0,124.1,120.0
2026-08-03 18:00:00,113.44,29.6,115.1,106.63
2026-08-03 19:00:00,18.57,28.8,1.0,17.46
2026-08-03 20:00:00,18.07,25.4,2.0,16.99
2026-08-03 21:00:00,17.16,24.1,3.0,16.13
2026-08-03 22:00:00,17.28,22.0,0.0,16.24
2026-08-03 23:00:00,19.16,21.5,1.0,18.01
2026-08-04 00:00:00,17.14,21.8,2.0,16.11
2026-08-04 01:00:00,16.98,20.5,1.0,15.96
2026-08-04 02:00:00,17.53,19.6,2.0,16.48
2026-08-04 03:00:00,18.99,18.5,3.0,17.86
2026-08-04 04:00:00,17.23,20.0,2.0,16.2
2026-08-04 05:00:00,17.23,21.2,2.0,16.2
2026-08-04 06:00:00,16.6,21.5,2.0,15.61
2026-08-04 07:00:00,100.78,23.4,142.6,94.74
2026-08-04 08:00:00,92.79,24.3,134.5,87.22
2026-08-04 09:00:00,113.27,26.9,131.4,106.47
2026-08-04 10:00:00,120.55,27.6,152.3,113.31
2026-08-04 11:00:00,125.06,29.9,146.8,117.56
2026-08-04 12:00:00,119.42,30.6,159.9,112.25
2026-08-04 13:00:00,158.93,33.5,142.0,149.39
2026-08-04 14:00:00,154.4,32.6,151.7,145.13
2026-08-04 15:00:00,157.43,33.3,152.3,147.99
2026-08-04 16:00:00,151.86,32.4,153.3,142.75
2026-08-04 17:00:00,139.32,32.9,154.8,130.96
2026-08-04 18:00:00,124.17,32.2,151.4,116.72
2026-08-04 19:00:00,16.36,30.8,1.0,15.38
2026-08-04 20:00:00,18.62,28.7,3.0,17.5
2026-08-04 21:00:00,19.27,25.7,2.0,18.11
2026-08-04 22:00:00,17.94,24.5,5.0,16.86
2026-08-04 23:00:00,16.82,22.4,3.0,15.81
2026-08-05 00:00:00,17.95,24.2,2.0,16.87
2026-08-05 01:00:00,18.42,23.6,2.0,17.31
2026-08-05 02:00:00,18.22,21.5,2.0,17.13
2026-08-05 03:00:00,18.21,21.2,0.0,17.12
2026-08-05 04:00:00,16.51,22.1,1.0,15.52
2026-08-05 05:00:00,18.75,22.1,3.0,17.62
2026-08-05 06:00:00,19.41,23.1,1.0,18.25
2026-08-05 07:00:00,110.9,25.8,146.2,104.24
2026-08-05 08:00:00,116.14,27.4,155.1,109.17
2026-08-05 09:00:00,120.17,27.7,162.4,112.96
2026-08-05 10:00:00,131.18,30.9,158.1,123.31
2026-08-05 11:00:00,137.4,32.3,142.0,129.16
2026-08-05 12:00:00,135.73,33.8,159.5,127.58
2026-08-05 13:00:00,164.36,34.9,156.0,154.5
2026-08-05 14:00:00,171.69,35.0,163.3,161.39
2026-08-05 15:00:00,166.75,35.5,155.3,156.75
2026-08-05 16:00:00,177.37,36.1,159.7,166.72
2026-08-05 17:00:00,145.72,34.2,152.4,136.98
2026-08-05 18:00:00,130.79,34.0,153.5,122.94
2026-08-05 19:00:00,18.22,32.7,0.0,17.13
2026-08-05 20:00:00,16.74,29.7,0.0,15.74
2026-08-05 21:00:00,17.63,29.4,3.0,16.58
2026-08-05 22:00:00,18.38,25.6,2.0,17.27
2026-08-05 23:00:00,16.88,25.0,0.0,15.87
2026-08-06 00:00:00,15.01,25.6,4.0,14.11
2026-08-06 01:00:00,15.87,23.1,3.0,14.92
2026-08-06 02:00:00,17.83,22.4,5.0,16.76
2026-08-06 03:00:00,18.94,23.1,1.0,17.8
2026-08-06 04:00:00,15.76,22.6,2.0,14.82
2026-08-06 05:00:00,16.52,23.6,2.0,15.53
2026-08-06 06:00:00,19.78,25.4,2.0,18.59
2026-08-06 07:00:00,108.07,26.2,137.9,101.59
2026-08-06 08:00:00,107.68,28.4,148.4,101.22
2026-08-06 09:00:00,133.42,30.6,146.0,125.42
2026-08-06 10:00:00,127.59,30.7,132.4,119.93
2026-08-06 11:00:00,144.45,33.5,154.6,135.78
2026-08-06 12:00:00,135.12,34.5,134.8,127.02
2026-08-06 13:00:00,166.42,35.2,153.4,156.43
2026-08-06 14:00:00,175.6,37.4,146.8,165.06
2026-08-06 15:00:00,171.13,36.4,139.6,160.86
2026-08-06 16:00:00,169.86,36.5,137.8,159.67
2026-08-06 17:00:00,148.66,35.8,127.1,139.74
2026-08-06 18:00:00,126.07,34.0,133.9,118.51
2026-08-06 19:00:00,16.14,32.1,3.0,15.18
2026-08-06 20:00:00,17.63,31.7,1.0,16.57
2026-08-06 21:00:00,19.31,30.6,2.0,18.15
2026-08-06 22:00:00,17.14,27.2,2.0,16.11
2026-08-06 23:00:00,18.69,27.5,4.0,17.57
2026-08-07 00:00:00,16.71,24.2,2.0,15.71
2026-08-07 01:00:00,17.42,22.9,2.0,16.38
2026-08-07 02:00:00,17.82,23.0,0.0,16.75
2026-08-07 03:00:00,17.1,23.4,4.0,16.07
2026-08-07 04:00:00,16.69,22.6,0.0,15.69
2026-08-07 05:00:00,14.97,23.3,5.0,14.07
2026-08-07 06:00:00,17.1,23.7,2.0,16.07
2026-08-07 07:00:00,105.44,25.6,121.9,99.12
2026-08-07 08:00:00,101.93,27.7,123.9,95.82
2026-08-07 09:00:00,125.36,29.2,134.5,117.84
2026-08-07 10:00:00,128.23,30.5,134.9,120.54
2026-08-07 11:00:00,134.19,33.3,130.0,126.14
2026-08-07 12:00:00,134.31,35.1,126.4,126.25
2026-08-07 13:00:00,161.76,34.3,129.5,152.05
2026-08-07 14:00:00,173.46,37.0,135.8,163.05
2026-08-07 15:00:00,160.71,35.1,126.9,151.07
2026-08-07 16:00:00,163.69,36.0,117.5,153.87
2026-08-07 17:00:00,141.42,34.8,122.2,132.94
2026-08-07 18:00:00,122.71,33.9,128.0,115.35
2026-08-07 19:00:00,17.16,31.1,1.0,16.13
2026-08-07 20:00:00,17.51,30.4,0.0,16.46
2026-08-07 21:00:00,19.4,30.1,3.0,18.23
2026-08-07 22:00:00,16.16,27.3,1.0,15.19
2026-08-07 23:00:00,17.28,25.3,1.0,16.24
2026-08-08 00:00:00,16.44,22.2,1.0,15.45
2026-08-08 01:00:00,15.39,21.6,0.0,14.47
2026-08-08 02:00:00,19.27,19.7,2.0,18.11
2026-08-08 03:00:00,16.98,19.5,0.0,15.97
2026-08-08 04:00:00,18.01,20.4,2.0,16.93
2026-08-08 05:00:00,17.29,20.8,2.0,16.25
2026-08-08 06:00:00,20.15,21.3,1.0,18.94
2026-08-08 07:00:00,18.43,23.0,5.0,17.32
2026-08-08 08:00:00,17.96,24.4,3.0,16.88
2026-08-08 09:00:00,62.82,26.8,53.0,59.05
2026-08-08 10:00:00,65.32,29.1,46.7,61.4
2026-08-08 11:00:00,67.38,30.7,43.2,63.34
2026-08-08 12:00:00,70.55,31.4,33.9,66.32
2026-08-08 13:00:00,74.54,33.2,45.0,70.07
2026-08-08 14:00:00,72.81,33.4,40.0,68.44
2026-08-08 15:00:00,18.6,34.9,3.0,17.48
2026-08-08 16:00:00,20.32,33.1,3.0,19.1
2026-08-08 17:00:00,19.25,33.9,4.0,18.1
2026-08-08 18:00:00,21.76,32.4,2.0,20.45
2026-08-08 19:00:00,16.03,31.7,2.0,15.06
2026-08-08 20:00:00,17.47,27.8,1.0,16.42
2026-08-08 21:00:00,17.62,27.5,1.0,16.57
2026-08-08 22:00:00,16.74,25.4,2.0,15.74
2026-08-08 23:00:00,17.55,23.6,0.0,16.5
2026-08-09 00:00:00,18.57,20.0,5.0,17.46
2026-08-09 01:00:00,17.79,18.0,1.0,16.72
2026-08-09 02:00:00,16.43,17.6,3.0,15.45
2026-08-09 03:00:00,16.21,17.9,1.0,15.23
2026-08-09 04:00:00,17.1,18.8,0.0,16.08
2026-08-09 05:00:00,18.68,19.6,2.0,17.56
2026-08-09 06:00:00,16.02,21.2,5.0,15.06
2026-08-09 07:00:00,17.27,21.5,1.0,16.24
2026-08-09 08:00:00,17.5,24.2,3.0,16.45
2026-08-09 09:00:00,17.08,24.0,5.0,16.06
2026-08-09 10:00:00,17.22,26.0,3.0,16.18
2026-08-09 11:00:00,17.55,27.1,3.0,16.49
2026-08-09 12:00:00,16.87,28.8,3.0,15.86
2026-08-09 13:00:00,17.77,31.1,3.0,16.7
2026-08-09 14:00:00,17.32,31.3,1.0,16.28
2026-08-09 15:00:00,16.39,31.3,5.0,15.4
2026-08-09 16:00:00,16.67,31.8,3.0,15.67
2026-08-09 17:00:00,19.71,31.0,0.0,18.53
2026-08-09 18:00:00,16.88,30.4,1.0,15.87
2026-08-09 19:00:00,17.84,28.2,4.0,16.77
2026-08-09 20:00:00,18.37,27.2,3.0,17.27
2026-08-09 21:00:00,17.35,24.9,3.0,16.31
2026-08-09 22:00:00,18.73,23.1,2.0,17.61
2026-08-09 23:00:00,19.79,20.8,3.0,18.61
2026-08-10 00:00:00,18.44,18.8,4.0,17.33
2026-08-10 01:00:00,17.28,17.9,0.0,16.24
2026-08-10 02:00:00,17.69,16.7,2.0,16.63
2026-08-10 03:00:00,17.81,16.3,2.0,16.74
2026-08-10 04:00:00,17.24,16.7,2.0,16.2
2026-08-10 05:00:00,15.37,17.5,3.0,14.45
2026-08-10 06:00:00,17.39,18.4,3.0,16.35
2026-08-10 07:00:00,99.09,19.5,124.1,93.15
2026-08-10 08:00:00,82.4,22.3,111.6,77.45
2026-08-10 09:00:00,92.97,23.9,114.2,87.4
2026-08-10 10:00:00,105.07,25.3,125.6,98.76
2026-08-10 11:00:00,108.68,26.6,118.9,102.16
2026-08-10 12:00:00,104.94,27.6,115.0,98.65
2026-08-10 13:00:00,134.26,29.7,121.2,126.21
2026-08-10 14:00:00,136.03,30.1,104.8,127.87
2026-08-10 15:00:00,140.4,31.3,109.7,131.98
2026-08-10 16:00:00,140.14,30.4,128.8,131.73
2026-08-10 17:00:00,117.53,29.1,106.2,110.48
2026-08-10 18:00:00,112.09,29.6,121.9,105.37
2026-08-10 19:00:00,82.49,27.1,2.0,77.54
2026-08-10 20:00:00,81.94,25.4,1.0,77.02
2026-08-10 21:00:00,81.98,22.6,3.0,77.06
2026-08-10 22:00:00,81.71,21.0,1.0,76.81
2026-08-10 23:00:00,81.17,20.1,1.0,76.3
2026-08-11 00:00:00,17.2,19.2,3.0,16.17
2026-08-11 01:00:00,16.44,16.9,1.0,15.46
2026-08-11 02:00:00,17.79,16.6,1.0,16.72
2026-08-11 03:00:00,17.03,16.9,1.0,16.01
2026-08-11 04:00:00,17.72,16.8,1.0,16.66
2026-08-11 05:00:00,17.57,18.5,4.0,16.51
2026-08-11 06:00:00,16.48,18.1,2.0,15.5
2026-08-11 07:00:00,99.43,20.4,141.9,93.46
2026-08-11 08:00:00,95.08,21.3,158.1,89.37
2026-08-11 09:00:00,105.98,24.1,157.1,99.62
2026-08-11 10:00:00,104.5,24.7,146.5,98.23
2026-08-11 11:00:00,114.57,26.8,147.3,107.7
2026-08-11 12:00:00,113.41,28.8,151.9,106.6
2026-08-11 13:00:00,145.33,29.9,144.2,136.61
2026-08-11 14:00:00,141.07,30.1,156.4,132.61
2026-08-11 15:00:00,145.11,30.4,145.7,136.4
2026-08-11 16:00:00,142.76,30.9,139.3,134.19
2026-08-11 17:00:00,125.33,28.9,157.2,117.81
2026-08-11 18:00:00,112.36,27.9,144.9,105.62
2026-08-11 19:00:00,17.16,27.0,1.0,16.13
2026-08-11 20:00:00,19.17,26.2,3.0,18.02
2026-08-11 21:00:00,17.35,24.5,1.0,16.31
2026-08-11 22:00:00,18.3,21.6,1.0,17.2
2026-08-11 23:00:00,18.65,19.5,0.0,17.53
2026-08-12 00:00:00,18.09,19.6,1.0,17.01
2026-08-12 01:00:00,16.71,19.0,0.0,15.71
2026-08-12 02:00:00,17.45,17.9,2.0,16.41
2026-08-12 03:00:00,19.15,18.5,3.0,18.0
2026-08-12 04:00:00,16.02,17.9,4.0,15.06
2026-08-12 05:00:00,15.83,19.1,3.0,14.88
2026-08-12 06:00:00,17.4,20.6,2.0,16.35
2026-08-12 07:00:00,105.48,21.9,160.9,99.15
2026-08-12 08:00:00,90.39,23.9,149.4,84.96
2026-08-12 09:00:00,113.84,25.1,162.0,107.01
2026-08-12 10:00:00,120.56,27.6,158.0,113.32
2026-08-12 11:00:00,126.87,28.5,154.1,119.26
2026-08-12 12:00:00,118.35,29.7,166.3,111.25
2026-08-12 13:00:00,153.82,32.2,145.2,144.59
2026-08-12 14:00:00,150.48,31.7,145.1,141.45
2026-08-12 15:00:00,152.66,32.9,149.1,143.5
2026-08-12 16:00:00,154.7,32.1,154.4,145.42
2026-08-12 17:00:00,141.28,32.0,154.6,132.8
2026-08-12 18:00:00,115.69,30.4,152.6,108.75
2026-08-12 19:00:00,17.16,28.7,0.0,16.13
2026-08-12 20:00:00,16.31,27.6,2.0,15.33
2026-08-12 21:00:00,19.03,25.7,4.0,17.89
2026-08-12 22:00:00,17.7,23.2,1.0,16.63
2026-08-12 23:00:00,16.95,22.4,2.0,15.93
2026-08-13 00:00:00,18.41,22.5,1.0,17.31
2026-08-13 01:00:00,17.93,21.9,1.0,16.85
2026-08-13 02:00:00,16.67,21.2,2.0,15.67
2026-08-13 03:00:00,15.62,21.0,6.0,14.69
2026-08-13 04:00:00,17.86,20.5,2.0,16.79
2026-08-13 05:00:00,17.85,20.9,5.0,16.78
2026-08-13 06:00:00,17.88,21.9,3.0,16.81
2026-08-13 07:00:00,97.59,22.9,144.5,91.73
2026-08-13 08:00:00,102.22,25.9,138.3,96.08
2026-08-13 09:00:00,114.21,27.6,136.2,107.36
2026-08-13 10:00:00,125.47,30.6,145.1,117.94
2026-08-13 11:00:00,132.46,31.5,140.6,124.51
2026-08-13 12:00:00,127.05,33.1,150.3,119.43
2026-08-13 13:00:00,159.31,33.7,138.2,149.75
2026-08-13 14:00:00,160.45,34.3,142.2,150.83
2026-08-13 15:00:00,170.62,34.6,153.9,160.38
2026-08-13 16:00:00,158.62,34.6,141.3,149.1
2026-08-13 17:00:00,137.84,33.3,141.1,129.57
2026-08-13 18:00:00,126.52,32.2,153.0,118.93
2026-08-13 19:00:00,16.83,31.2,0.0,15.82
2026-08-13 20:00:00,16.92,29.4,2.0,15.91
2026-08-13 21:00:00,16.95,27.6,2.0,15.93
2026-08-13 22:00:00,17.18,25.4,1.0,16.15
2026-08-13 23:00:00,18.3,25.1,2.0,17.2
2026-08-14 00:00:00,17.39,25.4,1.0,16.34
2026-08-14 01:00:00,17.47,23.8,2.0,16.42
2026-08-14 02:00:00,17.08,23.2,2.0,16.06
2026-08-14 03:00:00,15.87,23.2,0.0,14.92
2026-08-14 04:00:00,17.69,22.9,1.0,16.63
2026-08-14 05:00:00,17.95,24.2,4.0,16.87
2026-08-14 06:00:00,16.73,24.2,3.0,15.73
2026-08-14 07:00:00,104.37,25.3,122.0,98.11
2026-08-14 08:00:00,106.07,28.5,129.9,99.7
2026-08-14 09:00:00,118.19,29.3,124.3,111.1
2026-08-14 10:00:00,127.38,31.1,124.0,119.74
2026-08-14 11:00:00,135.38,32.6,136.3,127.26
2026-08-14 12:00:00,128.89,34.3,125.6,121.16
2026-08-14 13:00:00,163.87,35.5,126.5,154.03
2026-08-14 14:00:00,165.84,35.6,124.6,155.89
2026-08-14 15:00:00,167.71,36.3,127.1,157.65
2026-08-14 16:00:00,167.89,36.4,129.9,157.82
2026-08-14 17:00:00,144.86,34.9,117.5,136.17
2026-08-14 18:00:00,134.5,34.8,130.5,126.43
2026-08-14 19:00:00,16.88,32.8,1.0,15.86
2026-08-14 20:00:00,17.01,31.9,2.0,15.99
2026-08-14 21:00:00,16.72,30.1,2.0,15.72
2026-08-14 22:00:00,18.25,27.0,0.0,17.15
2026-08-14 23:00:00,15.61,25.7,1.0,14.67
2026-08-15 00:00:00,17.36,24.3,2.0,16.32
2026-08-15 01:00:00,18.5,24.5,2.0,17.39
2026-08-15 02:00:00,17.5,22.7,2.0,16.45
2026-08-15 03:00:00,17.46,22.7,4.0,16.41
2026-08-15 04:00:00,17.81,23.0,2.0,16.74
2026-08-15 05:00:00,17.47,23.1,3.0,16.42
2026-08-15 06:00:00,18.76,24.8,0.0,17.64
2026-08-15 07:00:00,20.58,26.1,3.0,19.34
2026-08-15 08:00:00,19.7,27.6,3.0,18.52
2026-08-15 09:00:00,64.1,29.3,40.2,60.26
2026-08-15 10:00:00,70.91,31.7,45.0,66.66
2026-08-15 11:00:00,76.12,34.2,43.3,71.55
2026-08-15 12:00:00,74.21,34.2,40.8,69.76
2026-08-15 13:00:00,83.29,35.4,46.8,78.29
2026-08-15 14:00:00,79.23,35.9,42.9,74.47
2026-08-15 15:00:00,20.32,36.8,3.0,19.1
2026-08-15 16:00:00,18.12,37.0,6.0,17.03
2026-08-15 17:00:00,20.73,34.7,3.0,19.48
2026-08-15 18:00:00,20.18,34.1,2.0,18.97
2026-08-15 19:00:00,16.37,32.6,0.0,15.39
2026-08-15 20:00:00,17.93,31.3,2.0,16.85
2026-08-15 21:00:00,18.06,29.6,0.0,16.97
2026-08-15 22:00:00,15.86,27.6,4.0,14.91
2026-08-15 23:00:00,18.34,24.6,3.0,17.24
2026-08-16 00:00:00,18.02,22.4,4.0,16.94
2026-08-16 01:00:00,38.89,22.9,1.0,36.56
2026-08-16 02:00:00,37.59,20.9,4.0,35.33
2026-08-16 03:00:00,40.2,20.8,1.0,37.79
2026-08-16 04:00:00,41.7,21.5,4.0,39.19
2026-08-16 05:00:00,39.7,22.8,3.0,37.32
2026-08-16 06:00:00,38.6,21.9,4.0,36.28
2026-08-16 07:00:00,17.21,25.1,3.0,16.18
2026-08-16 08:00:00,18.43,25.7,1.0,17.32
2026-08-16 09:00:00,16.98,28.1,1.0,15.96
2026-08-16 10:00:00,17.4,28.8,1.0,16.35
2026-08-16 11:00:00,17.86,31.6,3.0,16.79
2026-08-16 12:00:00,18.47,33.8,1.0,17.36
2026-08-16 13:00:00,17.69,34.0,2.0,16.62
2026-08-16 14:00:00,18.71,34.9,1.0,17.58
2026-08-16 15:00:00,16.38,34.8,2.0,15.4
2026-08-16 16:00:00,16.71,34.4,1.0,15.71
2026-08-16 17:00:00,18.2,33.7,3.0,17.11
2026-08-16 18:00:00,18.23,32.8,0.0,17.14
2026-08-16 19:00:00,16.61,31.0,4.0,15.61
2026-08-16 20:00:00,18.63,29.3,0.0,17.51
2026-08-16 21:00:00,16.58,27.2,3.0,15.59
2026-08-16 22:00:00,15.71,26.1,3.0,14.77
2026-08-16 23:00:00,19.1,25.3,2.0,17.96
2026-08-17 00:00:00,18.0,20.0,2.0,16.92
2026-08-17 01:00:00,18.46,20.0,2.0,17.35
2026-08-17 02:00:00,15.92,19.1,1.0,14.96
2026-08-17 03:00:00,17.55,17.7,1.0,16.49
2026-08-17 04:00:00,18.22,19.4,0.0,17.12
2026-08-17 05:00:00,18.08,20.2,1.0,17.0
2026-08-17 06:00:00,17.95,21.6,3.0,16.87
2026-08-17 07:00:00,96.52,22.5,117.7,90.73
2026-08-17 08:00:00,85.74,23.6,122.8,80.6
2026-08-17 09:00:00,105.7,26.2,114.6,99.36
2026-08-17 10:00:00,117.87,28.0,120.6,110.8
2026-08-17 11:00:00,120.65,28.8,119.4,113.41
2026-08-17 12:00:00,120.52,31.1,123.0,113.29
2026-08-17 13:00:00,146.4,31.7,115.7,137.62
2026-08-17 14:00:00,151.89,32.6,127.9,142.78
2026-08-17 15:00:00,147.52,32.5,122.4,138.67
2026-08-17 16:00:00,153.81,33.2,110.2,144.58
2026-08-17 17:00:00,133.59,32.2,118.8,125.58
2026-08-17 18:00:00,122.32,31.2,129.3,114.98
2026-08-17 19:00:00,16.63,29.6,3.0,15.63
2026-08-17 20:00:00,17.04,28.4,2.0,16.02
2026-08-17 21:00:00,15.0,25.3,3.0,14.1
2026-08-17 22:00:00,15.28,23.9,3.0,14.36
2026-08-17 23:00:00,16.37,21.9,0.0,15.39
2026-08-18 00:00:00,17.61,18.8,4.0,16.55
2026-08-18 01:00:00,16.94,18.0,2.0,15.92
2026-08-18 02:00:00,15.92,17.4,1.0,14.97
2026-08-18 03:00:00,18.68,16.8,2.0,17.56
2026-08-18 04:00:00,19.0,17.5,1.0,17.86
2026-08-18 05:00:00,17.8,18.6,0.0,16.73
2026-08-18 06:00:00,16.91,19.1,2.0,15.89
2026-08-18 07:00:00,105.39,19.5,152.6,99.07
2026-08-18 08:00:00,97.32,23.2,153.9,91.48
2026-08-18 09:00:00,102.9,23.6,139.9,96.73
2026-08-18 10:00:00,112.8,26.0,148.8,106.04
2026-08-18 11:00:00,122.92,27.6,157.0,115.54
2026-08-18 12:00:00,116.76,29.2,153.9,109.76
2026-08-18 13:00:00,139.26,29.7,153.3,130.91
2026-08-18 14:00:00,148.22,31.3,139.6,139.33
2026-08-18 15:00:00,145.58,30.4,151.9,136.84
2026-08-18 16:00:00,140.97,29.8,150.9,132.51
2026-08-18 17:00:00,130.82,30.5,148.0,122.97
2026-08-18 18:00:00,109.54,28.3,143.9,102.96
2026-08-18 19:00:00,19.18,28.0,2.0,18.03
2026-08-18 20:00:00,17.46,25.9,1.0,16.41
2026-08-18 21:00:00,15.54,24.5,2.0,14.61
2026-08-18 22:00:00,17.77,22.5,2.0,16.7
2026-08-18 23:00:00,17.88,20.5,1.0,16.81
2026-08-19 00:00:00,17.22,18.0,1.0,16.19
2026-08-19 01:00:00,17.15,18.1,1.0,16.12
2026-08-19 02:00:00,18.04,15.9,0.0,16.96
2026-08-19 03:00:00,18.57,16.0,4.0,17.46
2026-08-19 04:00:00,17.39,17.1,3.0,16.35
2026-08-19 05:00:00,18.7,17.9,4.0,17.58
2026-08-19 06:00:00,17.2,18.5,3.0,16.16
2026-08-19 07:00:00,103.06,18.7,150.8,96.87
2026-08-19 08:00:00,94.33,21.9,154.3,88.67
2026-08-19 09:00:00,106.26,23.6,153.4,99.89
2026-08-19 10:00:00,109.88,25.6,161.1,103.29
2026-08-19 11:00:00,113.01,26.8,152.9,106.23
2026-08-19 12:00:00,113.99,28.5,151.2,107.15
2026-08-19 13:00:00,138.5,28.7,167.0,130.19
2026-08-19 14:00:00,144.75,30.2,160.5,136.06
2026-08-19 15:00:00,150.04,30.8,146.4,141.04
2026-08-19 16:00:00,143.13,30.1,150.8,134.55
2026-08-19 17:00:00,125.72,29.9,150.9,118.17
2026-08-19 18:00:00,114.95,28.1,146.8,108.06
2026-08-19 19:00:00,18.33,26.5,0.0,17.23
2026-08-19 20:00:00,17.64,25.6,3.0,16.58
2026-08-19 21:00:00,18.05,22.9,2.0,16.96
2026-08-19 22:00:00,15.33,21.8,4.0,14.41
2026-08-19 23:00:00,17.73,20.4,3.0,16.66
2026-08-20 00:00:00,16.83,19.0,2.0,15.82
2026-08-20 01:00:00,16.99,19.1,1.0,15.97
2026-08-20 02:00:00,17.19,17.6,2.0,16.16
2026-08-20 03:00:00,16.91,18.3,2.0,15.9
2026-08-20 04:00:00,18.76,17.8,1.0,17.64
2026-08-20 05:00:00,17.93,18.9,1.0,16.85
2026-08-20 06:00:00,18.34,19.6,2.0,17.24
2026-08-20 07:00:00,102.17,20.0,151.2,96.04
2026-08-20 08:00:00,94.03,22.6,161.4,88.39
2026-08-20 09:00:00,107.27,25.4,139.3,100.84
2026-08-20 10:00:00,114.06,27.7,140.9,107.22
2026-08-20 11:00:00,119.5,28.0,140.8,112.33
2026-08-20 12:00:00,117.36,29.2,157.5,110.32
2026-08-20 13:00:00,139.01,29.8,142.9,130.67
2026-08-20 14:00:00,150.34,31.0,135.6,141.32
2026-08-20 15:00:00,146.14,30.9,146.8,137.38
2026-08-20 16:00:00,145.02,30.4,143.4,136.31
2026-08-20 17:00:00,123.66,30.7,123.6,116.24
2026-08-20 18:00:00,115.65,29.9,135.5,108.71
2026-08-20 19:00:00,18.23,27.1,5.0,17.14
2026-08-20 20:00:00,16.71,25.5,4.0,15.71
2026-08-20 21:00:00,16.55,23.9,1.0,15.56
2026-08-20 22:00:00,17.74,22.5,1.0,16.68
2026-08-20 23:00:00,18.03,21.4,1.0,16.95
2026-08-21 00:00:00,18.77,21.9,0.0,17.65
2026-08-21 01:00:00,18.46,19.5,3.0,17.35
2026-08-21 02:00:00,18.09,19.7,4.0,17.0
2026-08-21 03:00:00,18.09,19.1,4.0,17.01
2026-08-21 04:00:00,16.32,19.8,2.0,15.34
2026-08-21 05:00:00,17.61,20.9,2.0,16.56
2026-08-21 06:00:00,19.61,20.3,1.0,18.44
2026-08-21 07:00:00,100.18,23.0,140.0,94.17
2026-08-21 08:00:00,96.2,25.6,128.8,90.43
2026-08-21 09:00:00,107.64,26.6,125.2,101.18
2026-08-21 10:00:00,119.68,28.5,126.2,112.5
2026-08-21 11:00:00,125.82,30.1,121.4,118.27
2026-08-21 12:00:00,115.31,31.1,104.3,108.39
2026-08-21 13:00:00,154.52,32.2,128.7,145.25
2026-08-21 14:00:00,156.85,34.5,124.8,147.44
2026-08-21 15:00:00,156.83,33.9,123.4,147.42
2026-08-21 16:00:00,150.18,32.9,127.8,141.17
2026-08-21 17:00:00,138.24,33.3,121.9,129.95
2026-08-21 18:00:00,115.16,30.7,131.5,108.25
2026-08-21 19:00:00,18.52,30.2,0.0,17.41
2026-08-21 20:00:00,17.25,27.6,2.0,16.21
2026-08-21 21:00:00,17.53,27.3,4.0,16.47
2026-08-21 22:00:00,18.7,24.7,4.0,17.58
2026-08-21 23:00:00,15.41,22.9,2.0,14.48
2026-08-22 00:00:00,17.33,22.5,0.0,16.29
2026-08-22 01:00:00,16.98,22.1,2.0,15.96
2026-08-22 02:00:00,15.55,22.2,2.0,14.62
2026-08-22 03:00:00,17.88,21.6,1.0,16.8
2026-08-22 04:00:00,17.24,22.8,2.0,16.21
2026-08-22 05:00:00,17.08,23.5,2.0,16.06
2026-08-22 06:00:00,17.91,23.5,3.0,16.84
2026-08-22 07:00:00,18.41,25.1,1.0,17.3
2026-08-22 08:00:00,19.76,27.3,5.0,18.58
2026-08-22 09:00:00,63.33,28.4,45.7,59.53
2026-08-22 10:00:00,68.18,31.4,40.9,64.09
2026-08-22 11:00:00,69.87,31.7,37.8,65.68
2026-08-22 12:00:00,74.76,34.6,44.0,70.28
2026-08-22 13:00:00,77.27,34.8,47.9,72.63
2026-08-22 14:00:00,79.31,36.3,40.9,74.55
2026-08-22 15:00:00,20.47,35.8,2.0,19.24
2026-08-22 16:00:00,20.18,35.7,2.0,18.97
2026-08-22 17:00:00,20.5,34.3,2.0,19.27
2026-08-22 18:00:00,18.38,33.2,4.0,17.28
2026-08-22 19:00:00,17.65,31.8,3.0,16.59
2026-08-22 20:00:00,17.01,30.2,2.0,15.99
2026-08-22 21:00:00,18.47,28.2,1.0,17.36
2026-08-22 22:00:00,18.87,27.4,3.0,17.74
2026-08-22 23:00:00,17.03,25.5,1.0,16.0
2026-08-23 00:00:00,19.11,24.3,2.0,17.96
2026-08-23 01:00:00,15.81,23.0,0.0,14.86
2026-08-23 02:00:00,17.49,22.3,2.0,16.44
2026-08-23 03:00:00,17.88,22.4,2.0,16.81
2026-08-23 04:00:00,18.43,23.3,1.0,17.32
2026-08-23 05:00:00,16.68,23.8,0.0,15.68
2026-08-23 06:00:00,15.64,25.5,2.0,14.7
2026-08-23 07:00:00,17.12,26.8,5.0,16.1
2026-08-23 08:00:00,17.81,28.9,2.0,16.74
2026-08-23 09:00:00,18.38,30.1,0.0,17.28
2026-08-23 10:00:00,17.36,30.7,1.0,16.32
2026-08-23 11:00:00,15.31,33.8,3.0,14.39
2026-08-23 12:00:00,18.73,34.6,1.0,17.61
2026-08-23 13:00:00,16.1,36.3,2.0,15.13
2026-08-23 14:00:00,18.7,37.8,2.0,17.58
2026-08-23 15:00:00,17.93,36.5,4.0,16.86
2026-08-23 16:00:00,17.7,37.1,3.0,16.64
2026-08-23 17:00:00,17.37,36.1,3.0,16.33
2026-08-23 18:00:00,17.09,34.8,2.0,16.06
2026-08-23 19:00:00,17.42,34.1,2.0,16.37
2026-08-23 20:00:00,15.26,31.8,3.0,14.34
2026-08-23 21:00:00,16.54,29.1,4.0,15.55
2026-08-23 22:00:00,19.89,28.0,2.0,18.7
2026-08-23 23:00:00,15.1,25.7,0.0,14.19
2026-08-24 00:00:00,20.61,24.5,2.0,19.38
2026-08-24 01:00:00,16.14,22.9,1.0,15.17
2026-08-24 02:00:00,18.79,23.1,2.0,17.67
2026-08-24 03:00:00,18.23,23.0,0.0,17.14
2026-08-24 04:00:00,17.52,22.0,4.0,16.47
2026-08-24 05:00:00,17.9,23.1,0.0,16.82
2026-08-24 06:00:00,17.29,23.1,2.0,16.25
2026-08-24 07:00:00,105.67,24.9,116.9,99.33
2026-08-24 08:00:00,105.09,27.3,111.3,98.78
2026-08-24 09:00:00,123.56,29.5,123.8,116.15
2026-08-24 10:00:00,133.14,32.3,135.3,125.15
2026-08-24 11:00:00,138.99,33.5,122.7,130.65
2026-08-24 12:00:00,160.13,33.0,118.8,150.52
2026-08-24 13:00:00,197.29,35.6,127.5,185.45
2026-08-24 14:00:00,202.92,35.8,127.9,190.74
2026-08-24 15:00:00,206.36,36.5,122.5,193.98
2026-08-24 16:00:00,196.98,35.7,111.5,185.16
2026-08-24 17:00:00,183.04,35.5,120.1,172.06
2026-08-24 18:00:00,129.44,33.7,117.9,121.68
2026-08-24 19:00:00,16.16,32.4,4.0,15.19
2026-08-24 20:00:00,17.45,30.4,1.0,16.4
2026-08-24 21:00:00,18.39,28.6,6.0,17.29
2026-08-24 22:00:00,17.64,26.6,0.0,16.58
2026-08-24 23:00:00,17.72,24.5,0.0,16.66
2026-08-25 00:00:00,19.82,22.7,2.0,18.64
2026-08-25 01:00:00,17.68,21.7,3.0,16.62
2026-08-25 02:00:00,16.29,20.6,1.0,15.31
2026-08-25 03:00:00,16.67,19.3,4.0,15.67
2026-08-25 04:00:00,17.57,19.9,8.0,16.51
2026-08-25 05:00:00,16.48,21.1,0.0,15.49
2026-08-25 06:00:00,20.04,21.8,1.0,18.84
2026-08-25 07:00:00,100.03,23.6,138.2,94.03
2026-08-25 08:00:00,101.48,25.6,159.7,95.39
2026-08-25 09:00:00,109.7,26.1,153.7,103.12
2026-08-25 10:00:00,121.77,28.6,146.2,114.46
2026-08-25 11:00:00,130.24,31.0,143.2,122.42
2026-08-25 12:00:00,125.33,32.0,149.0,117.81
2026-08-25 13:00:00,160.33,33.4,153.9,150.71
2026-08-25 14:00:00,159.61,34.1,136.9,150.03
2026-08-25 15:00:00,161.79,34.4,153.1,152.08
2026-08-25 16:00:00,159.1,33.5,144.0,149.55
2026-08-25 17:00:00,144.58,33.8,145.1,135.9
2026-08-25 18:00:00,124.58,32.1,147.1,117.11
2026-08-25 19:00:00,17.83,31.0,2.0,16.76
2026-08-25 20:00:00,15.75,28.9,0.0,14.8
2026-08-25 21:00:00,20.42,27.2,1.0,19.19
2026-08-25 22:00:00,15.43,25.4,1.0,14.5
2026-08-25 23:00:00,18.47,24.1,1.0,17.37
2026-08-26 00:00:00,16.37,19.4,1.0,15.39
2026-08-26 01:00:00,16.5,18.5,3.0,15.51
2026-08-26 02:00:00,17.52,18.0,0.0,16.46
2026-08-26 03:00:00,17.73,18.1,1.0,16.66
2026-08-26 04:00:00,17.68,18.6,2.0,16.62
2026-08-26 05:00:00,19.23,18.2,1.0,18.08
2026-08-26 06:00:00,16.91,20.2,2.0,15.89
2026-08-26 07:00:00,102.03,21.6,159.3,95.91
2026-08-26 08:00:00,94.46,22.8,156.8,88.79
2026-08-26 09:00:00,108.92,25.4,172.1,102.38
2026-08-26 10:00:00,121.85,27.4,155.7,114.54
2026-08-26 11:00:00,125.77,28.8,155.4,118.22
2026-08-26 12:00:00,117.99,29.5,149.6,110.91
2026-08-26 13:00:00,146.8,30.4,159.5,137.99
2026-08-26 14:00:00,145.18,30.2,151.0,136.47
2026-08-26 15:00:00,151.4,31.6,137.2,142.32
2026-08-26 16:00:00,151.15,31.7,158.1,142.08
2026-08-26 17:00:00,133.8,31.2,167.8,125.78
2026-08-26 18:00:00,119.55,30.8,157.8,112.38
2026-08-26 19:00:00,17.89,29.6,3.0,16.82
2026-08-26 20:00:00,17.19,27.6,3.0,16.16
2026-08-26 21:00:00,17.3,25.3,3.0,16.27
2026-08-26 22:00:00,18.32,22.8,1.0,17.22
2026-08-26 23:00:00,17.0,20.4,1.0,15.98
2026-08-27 00:00:00,15.77,18.8,2.0,14.83
2026-08-27 01:00:00,17.92,17.5,2.0,16.84
2026-08-27 02:00:00,16.63,16.4,2.0,15.63
2026-08-27 03:00:00,18.22,15.6,3.0,17.13
2026-08-27 04:00:00,18.28,16.4,1.0,17.19
2026-08-27 05:00:00,16.24,16.5,1.0,15.26
2026-08-27 06:00:00,18.16,18.1,5.0,17.07
2026-08-27 07:00:00,105.67,19.6,148.4,99.33
2026-08-27 08:00:00,88.83,21.9,131.5,83.5
2026-08-27 09:00:00,103.59,24.2,140.8,97.38
2026-08-27 10:00:00,110.95,25.7,146.9,104.3
2026-08-27 11:00:00,115.7,26.8,139.8,108.76
2026-08-27 12:00:00,114.25,28.7,140.2,107.4
2026-08-27 13:00:00,136.3,29.4,136.0,128.13
2026-08-27 14:00:00,142.86,29.6,140.1,134.29
2026-08-27 15:00:00,140.25,29.9,143.3,131.83
2026-08-27 16:00:00,139.6,30.0,131.4,131.23
2026-08-27 17:00:00,125.36,29.4,145.8,117.83
2026-08-27 18:00:00,109.59,27.7,149.6,103.01
2026-08-27 19:00:00,17.49,27.0,1.0,16.44
2026-08-27 20:00:00,15.75,25.5,1.0,14.81
2026-08-27 21:00:00,18.69,23.6,2.0,17.57
2026-08-27 22:00:00,17.2,21.4,4.0,16.17
2026-08-27 23:00:00,18.27,19.7,0.0,17.17
2026-08-28 00:00:00,18.41,18.9,1.0,17.31
2026-08-28 01:00:00,16.6,18.2,2.0,15.61
2026-08-28 02:00:00,15.3,16.7,2.0,14.38
2026-08-28 03:00:00,17.86,16.9,3.0,16.78
2026-08-28 04:00:00,15.54,16.7,2.0,14.61
2026-08-28 05:00:00,16.57,17.6,0.0,15.58
2026-08-28 06:00:00,17.17,18.5,3.0,16.14
2026-08-28 07:00:00,99.93,19.0,120.3,93.93
2026-08-28 08:00:00,93.8,21.4,125.2,88.17
2026-08-28 09:00:00,97.2,23.4,122.5,91.37
2026-08-28 10:00:00,110.94,26.6,129.1,104.29
2026-08-28 11:00:00,113.7,26.8,129.8,106.87
2026-08-28 12:00:00,106.98,27.9,130.8,100.56
2026-08-28 13:00:00,135.66,29.7,119.8,127.52
2026-08-28 14:00:00,137.66,29.8,118.5,129.4
2026-08-28 15:00:00,144.76,30.4,116.9,136.08
2026-08-28 16:00:00,135.49,29.7,133.6,127.36
2026-08-28 17:00:00,122.19,30.0,124.2,114.86
2026-08-28 18:00:00,107.49,28.7,126.4,101.04
2026-08-28 19:00:00,15.93,26.6,1.0,14.97
2026-08-28 20:00:00,18.09,25.4,0.0,17.01
2026-08-28 21:00:00,18.65,22.7,2.0,17.53
2026-08-28 22:00:00,16.83,22.2,2.0,15.82
2026-08-28 23:00:00,15.52,19.9,3.0,14.59
2026-08-29 00:00:00,16.31,20.4,4.0,15.33
2026-08-29 01:00:00,17.08,18.4,1.0,16.05
2026-08-29 02:00:00,18.29,17.8,0.0,17.2
2026-08-29 03:00:00,16.89,18.8,4.0,15.87
2026-08-29 04:00:00,16.55,18.2,1.0,15.55
2026-08-29 05:00:00,18.27,19.4,2.0,17.17
2026-08-29 06:00:00,16.09,20.6,1.0,15.13
2026-08-29 07:00:00,18.67,22.9,3.0,17.55
2026-08-29 08:00:00,19.76,22.9,5.0,18.57
2026-08-29 09:00:00,56.24,25.5,46.2,52.87
2026-08-29 10:00:00,62.18,27.2,52.6,58.45
2026-08-29 11:00:00,62.92,28.6,42.5,59.15
2026-08-29 12:00:00,69.26,31.3,44.1,65.1
2026-08-29 13:00:00,73.64,31.1,50.5,69.22
2026-08-29 14:00:00,71.95,32.4,45.4,67.63
2026-08-29 15:00:00,20.89,30.9,3.0,19.64
2026-08-29 16:00:00,21.23,31.9,3.0,19.95
2026-08-29 17:00:00,19.22,31.3,5.0,18.06
2026-08-29 18:00:00,18.34,30.4,5.0,17.24
2026-08-29 19:00:00,17.36,28.7,4.0,16.32
2026-08-29 20:00:00,17.61,26.9,2.0,16.55
2026-08-29 21:00:00,16.0,24.6,1.0,15.04
2026-08-29 22:00:00,16.84,23.1,2.0,15.83
2026-08-29 23:00:00,16.11,21.9,2.0,15.14
2026-08-30 00:00:00,16.75,23.5,5.0,15.75
2026-08-30 01:00:00,17.15,21.0,2.0,16.12
2026-08-30 02:00:00,19.64,20.1,2.0,18.46
2026-08-30 03:00:00,17.97,21.9,3.0,16.89
2026-08-30 04:00:00,18.14,20.8,1.0,17.05
2026-08-30 05:00:00,16.05,21.6,4.0,15.09
2026-08-30 06:00:00,17.24,22.8,4.0,16.2
2026-08-30 07:00:00,18.19,24.8,0.0,17.1
2026-08-30 08:00:00,17.59,25.6,1.0,16.54
2026-08-30 09:00:00,16.38,27.4,2.0,15.39
2026-08-30 10:00:00,17.52,28.7,4.0,16.46
2026-08-30 11:00:00,19.01,30.9,2.0,17.87
2026-08-30 12:00:00,19.04,33.3,1.0,17.9
2026-08-30 13:00:00,17.88,33.3,3.0,16.81
2026-08-30 14:00:00,17.22,34.7,0.0,16.19
2026-08-30 15:00:00,18.19,33.8,0.0,17.1
2026-08-30 16:00:00,18.47,34.3,3.0,17.36
2026-08-30 17:00:00,17.54,34.3,1.0,16.49
2026-08-30 18:00:00,19.27,33.0,1.0,18.11
2026-08-30 19:00:00,17.59,31.8,2.0,16.54
2026-08-30 20:00:00,16.32,28.9,2.0,15.34
2026-08-30 21:00:00,17.98,27.1,4.0,16.9
2026-08-30 22:00:00,17.03,26.1,3.0,16.01
2026-08-30 23:00:00,16.04,24.0,2.0,15.08
2026-08-31 00:00:00,16.94,24.9,2.0,15.92
2026-08-31 01:00:00,18.06,24.3,3.0,16.98
2026-08-31 02:00:00,17.2,21.6,1.0,16.17
2026-08-31 03:00:00,18.37,22.2,1.0,17.27
2026-08-31 04:00:00,17.49,22.8,2.0,16.44
2026-08-31 05:00:00,16.06,23.0,3.0,15.1
2026-08-31 06:00:00,18.83,23.4,3.0,17.7
2026-08-31 07:00:00,103.96,25.1,120.1,97.73
2026-08-31 08:00:00,106.43,28.4,122.5,100.05
2026-08-31 09:00:00,115.48,28.8,117.6,108.55
2026-08-31 10:00:00,123.65,31.2,116.1,116.23
2026-08-31 11:00:00,133.94,33.6,116.5,125.91
2026-08-31 12:00:00,124.55,34.2,120.5,117.08
2026-08-31 13:00:00,166.15,35.6,112.7,156.18
2026-08-31 14:00:00,164.47,36.4,117.2,154.6
2026-08-31 15:00:00,166.92,36.3,124.3,156.9
2026-08-31 16:00:00,163.41,36.0,120.4,153.6
2026-08-31 17:00:00,144.18,35.2,105.4,135.53
2026-08-31 18:00:00,133.83,34.5,114.6,125.8
2026-08-31 19:00:00,16.46,32.9,1.0,15.48
2026-08-31 20:00:00,17.9,31.7,1.0,16.82
2026-08-31 21:00:00,17.24,29.6,2.0,16.2
2026-08-31 22:00:00,17.13,26.6,1.0,16.1
2026-08-31 23:00:00,15.09,25.7,1.0,14.19
